*header,hse_type,province,upgrade1,upgrade2,upgrade3,eligible,total
*data,2-DR,QUEBEC,AWHP,0,0,156,798
*data,2-DR,QUEBEC,AWHP,BIPHVT,0,28,798
*data,2-DR,QUEBEC,AWHP,CVB,0,34,798
*data,2-DR,QUEBEC,AWHP,FOH,0,27,798
*data,2-DR,QUEBEC,AWHP,FVB,0,34,798
*data,2-DR,QUEBEC,AWHP,ICE_CHP,0,156,798
*data,2-DR,QUEBEC,AWHP,PCM,0,129,798
*data,2-DR,QUEBEC,AWHP,PV,0,7,798
*data,2-DR,QUEBEC,AWHP,SAHP_P,0,133,798
*data,2-DR,QUEBEC,AWHP,SAHP_S,0,133,798
*data,2-DR,QUEBEC,AWHP,SCS,0,133,798
*data,2-DR,QUEBEC,AWHP,SDHW,0,7,798
*data,2-DR,QUEBEC,AWHP,SE_CHP,0,156,798
*data,2-DR,QUEBEC,AWHP,WAM,0,131,798
*data,2-DR,QUEBEC,AWHP,WTM2010,0,137,798
*data,2-DR,QUEBEC,AWHP,WTM2100,0,137,798
*data,2-DR,QUEBEC,AWHP,WTM2110,0,137,798
*data,2-DR,QUEBEC,AWHP,WTM3000,0,156,798
*data,2-DR,QUEBEC,AWHP,WTM3200,0,156,798
*data,2-DR,QUEBEC,AWHP,WTM3210,0,156,798
*data,2-DR,QUEBEC,AWHP,WTM3310,0,156,798
*data,2-DR,QUEBEC,AWHP,BIPHVT,CVB,9,798
*data,2-DR,QUEBEC,AWHP,BIPHVT,FOH,6,798
*data,2-DR,QUEBEC,AWHP,BIPHVT,FVB,9,798
*data,2-DR,QUEBEC,AWHP,BIPHVT,ICE_CHP,28,798
*data,2-DR,QUEBEC,AWHP,BIPHVT,PCM,22,798
*data,2-DR,QUEBEC,AWHP,BIPHVT,PV,2,798
*data,2-DR,QUEBEC,AWHP,BIPHVT,SAHP_P,15,798
*data,2-DR,QUEBEC,AWHP,BIPHVT,SAHP_S,15,798
*data,2-DR,QUEBEC,AWHP,BIPHVT,SCS,15,798
*data,2-DR,QUEBEC,AWHP,BIPHVT,SDHW,2,798
*data,2-DR,QUEBEC,AWHP,BIPHVT,SE_CHP,28,798
*data,2-DR,QUEBEC,AWHP,BIPHVT,WAM,18,798
*data,2-DR,QUEBEC,AWHP,BIPHVT,WTM2010,25,798
*data,2-DR,QUEBEC,AWHP,BIPHVT,WTM2100,25,798
*data,2-DR,QUEBEC,AWHP,BIPHVT,WTM2110,25,798
*data,2-DR,QUEBEC,AWHP,BIPHVT,WTM3000,28,798
*data,2-DR,QUEBEC,AWHP,BIPHVT,WTM3200,28,798
*data,2-DR,QUEBEC,AWHP,BIPHVT,WTM3210,28,798
*data,2-DR,QUEBEC,AWHP,BIPHVT,WTM3310,28,798
*data,2-DR,QUEBEC,AWHP,CVB,FOH,27,798
*data,2-DR,QUEBEC,AWHP,CVB,FVB,34,798
*data,2-DR,QUEBEC,AWHP,CVB,ICE_CHP,34,798
*data,2-DR,QUEBEC,AWHP,CVB,PCM,27,798
*data,2-DR,QUEBEC,AWHP,CVB,PV,1,798
*data,2-DR,QUEBEC,AWHP,CVB,SAHP_P,26,798
*data,2-DR,QUEBEC,AWHP,CVB,SAHP_S,26,798
*data,2-DR,QUEBEC,AWHP,CVB,SCS,26,798
*data,2-DR,QUEBEC,AWHP,CVB,SDHW,1,798
*data,2-DR,QUEBEC,AWHP,CVB,SE_CHP,34,798
*data,2-DR,QUEBEC,AWHP,CVB,WAM,27,798
*data,2-DR,QUEBEC,AWHP,CVB,WTM2010,29,798
*data,2-DR,QUEBEC,AWHP,CVB,WTM2100,29,798
*data,2-DR,QUEBEC,AWHP,CVB,WTM2110,29,798
*data,2-DR,QUEBEC,AWHP,CVB,WTM3000,34,798
*data,2-DR,QUEBEC,AWHP,CVB,WTM3200,34,798
*data,2-DR,QUEBEC,AWHP,CVB,WTM3210,34,798
*data,2-DR,QUEBEC,AWHP,CVB,WTM3310,34,798
*data,2-DR,QUEBEC,AWHP,FOH,FVB,27,798
*data,2-DR,QUEBEC,AWHP,FOH,ICE_CHP,27,798
*data,2-DR,QUEBEC,AWHP,FOH,PCM,27,798
*data,2-DR,QUEBEC,AWHP,FOH,PV,0,798
*data,2-DR,QUEBEC,AWHP,FOH,SAHP_P,20,798
*data,2-DR,QUEBEC,AWHP,FOH,SAHP_S,20,798
*data,2-DR,QUEBEC,AWHP,FOH,SCS,20,798
*data,2-DR,QUEBEC,AWHP,FOH,SDHW,0,798
*data,2-DR,QUEBEC,AWHP,FOH,SE_CHP,27,798
*data,2-DR,QUEBEC,AWHP,FOH,WAM,22,798
*data,2-DR,QUEBEC,AWHP,FOH,WTM2010,23,798
*data,2-DR,QUEBEC,AWHP,FOH,WTM2100,23,798
*data,2-DR,QUEBEC,AWHP,FOH,WTM2110,23,798
*data,2-DR,QUEBEC,AWHP,FOH,WTM3000,27,798
*data,2-DR,QUEBEC,AWHP,FOH,WTM3200,27,798
*data,2-DR,QUEBEC,AWHP,FOH,WTM3210,27,798
*data,2-DR,QUEBEC,AWHP,FOH,WTM3310,27,798
*data,2-DR,QUEBEC,AWHP,FVB,ICE_CHP,34,798
*data,2-DR,QUEBEC,AWHP,FVB,PCM,27,798
*data,2-DR,QUEBEC,AWHP,FVB,PV,1,798
*data,2-DR,QUEBEC,AWHP,FVB,SAHP_P,26,798
*data,2-DR,QUEBEC,AWHP,FVB,SAHP_S,26,798
*data,2-DR,QUEBEC,AWHP,FVB,SCS,26,798
*data,2-DR,QUEBEC,AWHP,FVB,SDHW,1,798
*data,2-DR,QUEBEC,AWHP,FVB,SE_CHP,34,798
*data,2-DR,QUEBEC,AWHP,FVB,WAM,27,798
*data,2-DR,QUEBEC,AWHP,FVB,WTM2010,29,798
*data,2-DR,QUEBEC,AWHP,FVB,WTM2100,29,798
*data,2-DR,QUEBEC,AWHP,FVB,WTM2110,29,798
*data,2-DR,QUEBEC,AWHP,FVB,WTM3000,34,798
*data,2-DR,QUEBEC,AWHP,FVB,WTM3200,34,798
*data,2-DR,QUEBEC,AWHP,FVB,WTM3210,34,798
*data,2-DR,QUEBEC,AWHP,FVB,WTM3310,34,798
*data,2-DR,QUEBEC,AWHP,ICE_CHP,PCM,129,798
*data,2-DR,QUEBEC,AWHP,ICE_CHP,PV,7,798
*data,2-DR,QUEBEC,AWHP,ICE_CHP,SAHP_P,133,798
*data,2-DR,QUEBEC,AWHP,ICE_CHP,SAHP_S,133,798
*data,2-DR,QUEBEC,AWHP,ICE_CHP,SCS,133,798
*data,2-DR,QUEBEC,AWHP,ICE_CHP,SDHW,7,798
*data,2-DR,QUEBEC,AWHP,ICE_CHP,SE_CHP,156,798
*data,2-DR,QUEBEC,AWHP,ICE_CHP,WAM,131,798
*data,2-DR,QUEBEC,AWHP,ICE_CHP,WTM2010,137,798
*data,2-DR,QUEBEC,AWHP,ICE_CHP,WTM2100,137,798
*data,2-DR,QUEBEC,AWHP,ICE_CHP,WTM2110,137,798
*data,2-DR,QUEBEC,AWHP,ICE_CHP,WTM3000,156,798
*data,2-DR,QUEBEC,AWHP,ICE_CHP,WTM3200,156,798
*data,2-DR,QUEBEC,AWHP,ICE_CHP,WTM3210,156,798
*data,2-DR,QUEBEC,AWHP,ICE_CHP,WTM3310,156,798
*data,2-DR,QUEBEC,AWHP,PCM,PV,6,798
*data,2-DR,QUEBEC,AWHP,PCM,SAHP_P,107,798
*data,2-DR,QUEBEC,AWHP,PCM,SAHP_S,107,798
*data,2-DR,QUEBEC,AWHP,PCM,SCS,107,798
*data,2-DR,QUEBEC,AWHP,PCM,SDHW,6,798
*data,2-DR,QUEBEC,AWHP,PCM,SE_CHP,129,798
*data,2-DR,QUEBEC,AWHP,PCM,WAM,110,798
*data,2-DR,QUEBEC,AWHP,PCM,WTM2010,112,798
*data,2-DR,QUEBEC,AWHP,PCM,WTM2100,112,798
*data,2-DR,QUEBEC,AWHP,PCM,WTM2110,112,798
*data,2-DR,QUEBEC,AWHP,PCM,WTM3000,129,798
*data,2-DR,QUEBEC,AWHP,PCM,WTM3200,129,798
*data,2-DR,QUEBEC,AWHP,PCM,WTM3210,129,798
*data,2-DR,QUEBEC,AWHP,PCM,WTM3310,129,798
*data,2-DR,QUEBEC,AWHP,PV,SAHP_P,7,798
*data,2-DR,QUEBEC,AWHP,PV,SAHP_S,7,798
*data,2-DR,QUEBEC,AWHP,PV,SCS,7,798
*data,2-DR,QUEBEC,AWHP,PV,SDHW,7,798
*data,2-DR,QUEBEC,AWHP,PV,SE_CHP,7,798
*data,2-DR,QUEBEC,AWHP,PV,WAM,6,798
*data,2-DR,QUEBEC,AWHP,PV,WTM2010,6,798
*data,2-DR,QUEBEC,AWHP,PV,WTM2100,6,798
*data,2-DR,QUEBEC,AWHP,PV,WTM2110,6,798
*data,2-DR,QUEBEC,AWHP,PV,WTM3000,7,798
*data,2-DR,QUEBEC,AWHP,PV,WTM3200,7,798
*data,2-DR,QUEBEC,AWHP,PV,WTM3210,7,798
*data,2-DR,QUEBEC,AWHP,PV,WTM3310,7,798
*data,2-DR,QUEBEC,AWHP,SAHP_P,SAHP_S,133,798
*data,2-DR,QUEBEC,AWHP,SAHP_P,SCS,133,798
*data,2-DR,QUEBEC,AWHP,SAHP_P,SDHW,7,798
*data,2-DR,QUEBEC,AWHP,SAHP_P,SE_CHP,133,798
*data,2-DR,QUEBEC,AWHP,SAHP_P,WAM,122,798
*data,2-DR,QUEBEC,AWHP,SAHP_P,WTM2010,118,798
*data,2-DR,QUEBEC,AWHP,SAHP_P,WTM2100,118,798
*data,2-DR,QUEBEC,AWHP,SAHP_P,WTM2110,118,798
*data,2-DR,QUEBEC,AWHP,SAHP_P,WTM3000,133,798
*data,2-DR,QUEBEC,AWHP,SAHP_P,WTM3200,133,798
*data,2-DR,QUEBEC,AWHP,SAHP_P,WTM3210,133,798
*data,2-DR,QUEBEC,AWHP,SAHP_P,WTM3310,133,798
*data,2-DR,QUEBEC,AWHP,SAHP_S,SCS,133,798
*data,2-DR,QUEBEC,AWHP,SAHP_S,SDHW,7,798
*data,2-DR,QUEBEC,AWHP,SAHP_S,SE_CHP,133,798
*data,2-DR,QUEBEC,AWHP,SAHP_S,WAM,122,798
*data,2-DR,QUEBEC,AWHP,SAHP_S,WTM2010,118,798
*data,2-DR,QUEBEC,AWHP,SAHP_S,WTM2100,118,798
*data,2-DR,QUEBEC,AWHP,SAHP_S,WTM2110,118,798
*data,2-DR,QUEBEC,AWHP,SAHP_S,WTM3000,133,798
*data,2-DR,QUEBEC,AWHP,SAHP_S,WTM3200,133,798
*data,2-DR,QUEBEC,AWHP,SAHP_S,WTM3210,133,798
*data,2-DR,QUEBEC,AWHP,SAHP_S,WTM3310,133,798
*data,2-DR,QUEBEC,AWHP,SCS,SDHW,7,798
*data,2-DR,QUEBEC,AWHP,SCS,SE_CHP,133,798
*data,2-DR,QUEBEC,AWHP,SCS,WAM,122,798
*data,2-DR,QUEBEC,AWHP,SCS,WTM2010,118,798
*data,2-DR,QUEBEC,AWHP,SCS,WTM2100,118,798
*data,2-DR,QUEBEC,AWHP,SCS,WTM2110,118,798
*data,2-DR,QUEBEC,AWHP,SCS,WTM3000,133,798
*data,2-DR,QUEBEC,AWHP,SCS,WTM3200,133,798
*data,2-DR,QUEBEC,AWHP,SCS,WTM3210,133,798
*data,2-DR,QUEBEC,AWHP,SCS,WTM3310,133,798
*data,2-DR,QUEBEC,AWHP,SDHW,SE_CHP,7,798
*data,2-DR,QUEBEC,AWHP,SDHW,WAM,6,798
*data,2-DR,QUEBEC,AWHP,SDHW,WTM2010,6,798
*data,2-DR,QUEBEC,AWHP,SDHW,WTM2100,6,798
*data,2-DR,QUEBEC,AWHP,SDHW,WTM2110,6,798
*data,2-DR,QUEBEC,AWHP,SDHW,WTM3000,7,798
*data,2-DR,QUEBEC,AWHP,SDHW,WTM3200,7,798
*data,2-DR,QUEBEC,AWHP,SDHW,WTM3210,7,798
*data,2-DR,QUEBEC,AWHP,SDHW,WTM3310,7,798
*data,2-DR,QUEBEC,AWHP,SE_CHP,WAM,131,798
*data,2-DR,QUEBEC,AWHP,SE_CHP,WTM2010,137,798
*data,2-DR,QUEBEC,AWHP,SE_CHP,WTM2100,137,798
*data,2-DR,QUEBEC,AWHP,SE_CHP,WTM2110,137,798
*data,2-DR,QUEBEC,AWHP,SE_CHP,WTM3000,156,798
*data,2-DR,QUEBEC,AWHP,SE_CHP,WTM3200,156,798
*data,2-DR,QUEBEC,AWHP,SE_CHP,WTM3210,156,798
*data,2-DR,QUEBEC,AWHP,SE_CHP,WTM3310,156,798
*data,2-DR,QUEBEC,AWHP,WAM,WTM2010,117,798
*data,2-DR,QUEBEC,AWHP,WAM,WTM2100,117,798
*data,2-DR,QUEBEC,AWHP,WAM,WTM2110,117,798
*data,2-DR,QUEBEC,AWHP,WAM,WTM3000,131,798
*data,2-DR,QUEBEC,AWHP,WAM,WTM3200,131,798
*data,2-DR,QUEBEC,AWHP,WAM,WTM3210,131,798
*data,2-DR,QUEBEC,AWHP,WAM,WTM3310,131,798
*data,2-DR,QUEBEC,AWHP,WTM2010,WTM2100,137,798
*data,2-DR,QUEBEC,AWHP,WTM2010,WTM2110,137,798
*data,2-DR,QUEBEC,AWHP,WTM2010,WTM3000,137,798
*data,2-DR,QUEBEC,AWHP,WTM2010,WTM3200,137,798
*data,2-DR,QUEBEC,AWHP,WTM2010,WTM3210,137,798
*data,2-DR,QUEBEC,AWHP,WTM2010,WTM3310,137,798
*data,2-DR,QUEBEC,AWHP,WTM2100,WTM2110,137,798
*data,2-DR,QUEBEC,AWHP,WTM2100,WTM3000,137,798
*data,2-DR,QUEBEC,AWHP,WTM2100,WTM3200,137,798
*data,2-DR,QUEBEC,AWHP,WTM2100,WTM3210,137,798
*data,2-DR,QUEBEC,AWHP,WTM2100,WTM3310,137,798
*data,2-DR,QUEBEC,AWHP,WTM2110,WTM3000,137,798
*data,2-DR,QUEBEC,AWHP,WTM2110,WTM3200,137,798
*data,2-DR,QUEBEC,AWHP,WTM2110,WTM3210,137,798
*data,2-DR,QUEBEC,AWHP,WTM2110,WTM3310,137,798
*data,2-DR,QUEBEC,AWHP,WTM3000,WTM3200,156,798
*data,2-DR,QUEBEC,AWHP,WTM3000,WTM3210,156,798
*data,2-DR,QUEBEC,AWHP,WTM3000,WTM3310,156,798
*data,2-DR,QUEBEC,AWHP,WTM3200,WTM3210,156,798
*data,2-DR,QUEBEC,AWHP,WTM3200,WTM3310,156,798
*data,2-DR,QUEBEC,AWHP,WTM3210,WTM3310,156,798
*data,2-DR,QUEBEC,BIPHVT,0,0,205,798
*data,2-DR,QUEBEC,BIPHVT,CVB,0,39,798
*data,2-DR,QUEBEC,BIPHVT,FOH,0,33,798
*data,2-DR,QUEBEC,BIPHVT,FVB,0,37,798
*data,2-DR,QUEBEC,BIPHVT,ICE_CHP,0,28,798
*data,2-DR,QUEBEC,BIPHVT,PCM,0,153,798
*data,2-DR,QUEBEC,BIPHVT,PV,0,13,798
*data,2-DR,QUEBEC,BIPHVT,SAHP_P,0,15,798
*data,2-DR,QUEBEC,BIPHVT,SAHP_S,0,15,798
*data,2-DR,QUEBEC,BIPHVT,SCS,0,15,798
*data,2-DR,QUEBEC,BIPHVT,SDHW,0,13,798
*data,2-DR,QUEBEC,BIPHVT,SE_CHP,0,28,798
*data,2-DR,QUEBEC,BIPHVT,WAM,0,108,798
*data,2-DR,QUEBEC,BIPHVT,WTM2010,0,179,798
*data,2-DR,QUEBEC,BIPHVT,WTM2100,0,179,798
*data,2-DR,QUEBEC,BIPHVT,WTM2110,0,179,798
*data,2-DR,QUEBEC,BIPHVT,WTM3000,0,205,798
*data,2-DR,QUEBEC,BIPHVT,WTM3200,0,205,798
*data,2-DR,QUEBEC,BIPHVT,WTM3210,0,205,798
*data,2-DR,QUEBEC,BIPHVT,WTM3310,0,205,798
*data,2-DR,QUEBEC,BIPHVT,CVB,FOH,33,798
*data,2-DR,QUEBEC,BIPHVT,CVB,FVB,37,798
*data,2-DR,QUEBEC,BIPHVT,CVB,ICE_CHP,9,798
*data,2-DR,QUEBEC,BIPHVT,CVB,PCM,33,798
*data,2-DR,QUEBEC,BIPHVT,CVB,PV,1,798
*data,2-DR,QUEBEC,BIPHVT,CVB,SAHP_P,4,798
*data,2-DR,QUEBEC,BIPHVT,CVB,SAHP_S,4,798
*data,2-DR,QUEBEC,BIPHVT,CVB,SCS,4,798
*data,2-DR,QUEBEC,BIPHVT,CVB,SDHW,1,798
*data,2-DR,QUEBEC,BIPHVT,CVB,SE_CHP,9,798
*data,2-DR,QUEBEC,BIPHVT,CVB,WAM,24,798
*data,2-DR,QUEBEC,BIPHVT,CVB,WTM2010,33,798
*data,2-DR,QUEBEC,BIPHVT,CVB,WTM2100,33,798
*data,2-DR,QUEBEC,BIPHVT,CVB,WTM2110,33,798
*data,2-DR,QUEBEC,BIPHVT,CVB,WTM3000,39,798
*data,2-DR,QUEBEC,BIPHVT,CVB,WTM3200,39,798
*data,2-DR,QUEBEC,BIPHVT,CVB,WTM3210,39,798
*data,2-DR,QUEBEC,BIPHVT,CVB,WTM3310,39,798
*data,2-DR,QUEBEC,BIPHVT,FOH,FVB,31,798
*data,2-DR,QUEBEC,BIPHVT,FOH,ICE_CHP,6,798
*data,2-DR,QUEBEC,BIPHVT,FOH,PCM,33,798
*data,2-DR,QUEBEC,BIPHVT,FOH,PV,1,798
*data,2-DR,QUEBEC,BIPHVT,FOH,SAHP_P,2,798
*data,2-DR,QUEBEC,BIPHVT,FOH,SAHP_S,2,798
*data,2-DR,QUEBEC,BIPHVT,FOH,SCS,2,798
*data,2-DR,QUEBEC,BIPHVT,FOH,SDHW,1,798
*data,2-DR,QUEBEC,BIPHVT,FOH,SE_CHP,6,798
*data,2-DR,QUEBEC,BIPHVT,FOH,WAM,19,798
*data,2-DR,QUEBEC,BIPHVT,FOH,WTM2010,29,798
*data,2-DR,QUEBEC,BIPHVT,FOH,WTM2100,29,798
*data,2-DR,QUEBEC,BIPHVT,FOH,WTM2110,29,798
*data,2-DR,QUEBEC,BIPHVT,FOH,WTM3000,33,798
*data,2-DR,QUEBEC,BIPHVT,FOH,WTM3200,33,798
*data,2-DR,QUEBEC,BIPHVT,FOH,WTM3210,33,798
*data,2-DR,QUEBEC,BIPHVT,FOH,WTM3310,33,798
*data,2-DR,QUEBEC,BIPHVT,FVB,ICE_CHP,9,798
*data,2-DR,QUEBEC,BIPHVT,FVB,PCM,31,798
*data,2-DR,QUEBEC,BIPHVT,FVB,PV,0,798
*data,2-DR,QUEBEC,BIPHVT,FVB,SAHP_P,4,798
*data,2-DR,QUEBEC,BIPHVT,FVB,SAHP_S,4,798
*data,2-DR,QUEBEC,BIPHVT,FVB,SCS,4,798
*data,2-DR,QUEBEC,BIPHVT,FVB,SDHW,0,798
*data,2-DR,QUEBEC,BIPHVT,FVB,SE_CHP,9,798
*data,2-DR,QUEBEC,BIPHVT,FVB,WAM,23,798
*data,2-DR,QUEBEC,BIPHVT,FVB,WTM2010,32,798
*data,2-DR,QUEBEC,BIPHVT,FVB,WTM2100,32,798
*data,2-DR,QUEBEC,BIPHVT,FVB,WTM2110,32,798
*data,2-DR,QUEBEC,BIPHVT,FVB,WTM3000,37,798
*data,2-DR,QUEBEC,BIPHVT,FVB,WTM3200,37,798
*data,2-DR,QUEBEC,BIPHVT,FVB,WTM3210,37,798
*data,2-DR,QUEBEC,BIPHVT,FVB,WTM3310,37,798
*data,2-DR,QUEBEC,BIPHVT,ICE_CHP,PCM,22,798
*data,2-DR,QUEBEC,BIPHVT,ICE_CHP,PV,2,798
*data,2-DR,QUEBEC,BIPHVT,ICE_CHP,SAHP_P,15,798
*data,2-DR,QUEBEC,BIPHVT,ICE_CHP,SAHP_S,15,798
*data,2-DR,QUEBEC,BIPHVT,ICE_CHP,SCS,15,798
*data,2-DR,QUEBEC,BIPHVT,ICE_CHP,SDHW,2,798
*data,2-DR,QUEBEC,BIPHVT,ICE_CHP,SE_CHP,28,798
*data,2-DR,QUEBEC,BIPHVT,ICE_CHP,WAM,18,798
*data,2-DR,QUEBEC,BIPHVT,ICE_CHP,WTM2010,25,798
*data,2-DR,QUEBEC,BIPHVT,ICE_CHP,WTM2100,25,798
*data,2-DR,QUEBEC,BIPHVT,ICE_CHP,WTM2110,25,798
*data,2-DR,QUEBEC,BIPHVT,ICE_CHP,WTM3000,28,798
*data,2-DR,QUEBEC,BIPHVT,ICE_CHP,WTM3200,28,798
*data,2-DR,QUEBEC,BIPHVT,ICE_CHP,WTM3210,28,798
*data,2-DR,QUEBEC,BIPHVT,ICE_CHP,WTM3310,28,798
*data,2-DR,QUEBEC,BIPHVT,PCM,PV,10,798
*data,2-DR,QUEBEC,BIPHVT,PCM,SAHP_P,10,798
*data,2-DR,QUEBEC,BIPHVT,PCM,SAHP_S,10,798
*data,2-DR,QUEBEC,BIPHVT,PCM,SCS,10,798
*data,2-DR,QUEBEC,BIPHVT,PCM,SDHW,10,798
*data,2-DR,QUEBEC,BIPHVT,PCM,SE_CHP,22,798
*data,2-DR,QUEBEC,BIPHVT,PCM,WAM,82,798
*data,2-DR,QUEBEC,BIPHVT,PCM,WTM2010,134,798
*data,2-DR,QUEBEC,BIPHVT,PCM,WTM2100,134,798
*data,2-DR,QUEBEC,BIPHVT,PCM,WTM2110,134,798
*data,2-DR,QUEBEC,BIPHVT,PCM,WTM3000,153,798
*data,2-DR,QUEBEC,BIPHVT,PCM,WTM3200,153,798
*data,2-DR,QUEBEC,BIPHVT,PCM,WTM3210,153,798
*data,2-DR,QUEBEC,BIPHVT,PCM,WTM3310,153,798
*data,2-DR,QUEBEC,BIPHVT,PV,SAHP_P,2,798
*data,2-DR,QUEBEC,BIPHVT,PV,SAHP_S,2,798
*data,2-DR,QUEBEC,BIPHVT,PV,SCS,2,798
*data,2-DR,QUEBEC,BIPHVT,PV,SDHW,13,798
*data,2-DR,QUEBEC,BIPHVT,PV,SE_CHP,2,798
*data,2-DR,QUEBEC,BIPHVT,PV,WAM,12,798
*data,2-DR,QUEBEC,BIPHVT,PV,WTM2010,12,798
*data,2-DR,QUEBEC,BIPHVT,PV,WTM2100,12,798
*data,2-DR,QUEBEC,BIPHVT,PV,WTM2110,12,798
*data,2-DR,QUEBEC,BIPHVT,PV,WTM3000,13,798
*data,2-DR,QUEBEC,BIPHVT,PV,WTM3200,13,798
*data,2-DR,QUEBEC,BIPHVT,PV,WTM3210,13,798
*data,2-DR,QUEBEC,BIPHVT,PV,WTM3310,13,798
*data,2-DR,QUEBEC,BIPHVT,SAHP_P,SAHP_S,15,798
*data,2-DR,QUEBEC,BIPHVT,SAHP_P,SCS,15,798
*data,2-DR,QUEBEC,BIPHVT,SAHP_P,SDHW,2,798
*data,2-DR,QUEBEC,BIPHVT,SAHP_P,SE_CHP,15,798
*data,2-DR,QUEBEC,BIPHVT,SAHP_P,WAM,15,798
*data,2-DR,QUEBEC,BIPHVT,SAHP_P,WTM2010,14,798
*data,2-DR,QUEBEC,BIPHVT,SAHP_P,WTM2100,14,798
*data,2-DR,QUEBEC,BIPHVT,SAHP_P,WTM2110,14,798
*data,2-DR,QUEBEC,BIPHVT,SAHP_P,WTM3000,15,798
*data,2-DR,QUEBEC,BIPHVT,SAHP_P,WTM3200,15,798
*data,2-DR,QUEBEC,BIPHVT,SAHP_P,WTM3210,15,798
*data,2-DR,QUEBEC,BIPHVT,SAHP_P,WTM3310,15,798
*data,2-DR,QUEBEC,BIPHVT,SAHP_S,SCS,15,798
*data,2-DR,QUEBEC,BIPHVT,SAHP_S,SDHW,2,798
*data,2-DR,QUEBEC,BIPHVT,SAHP_S,SE_CHP,15,798
*data,2-DR,QUEBEC,BIPHVT,SAHP_S,WAM,15,798
*data,2-DR,QUEBEC,BIPHVT,SAHP_S,WTM2010,14,798
*data,2-DR,QUEBEC,BIPHVT,SAHP_S,WTM2100,14,798
*data,2-DR,QUEBEC,BIPHVT,SAHP_S,WTM2110,14,798
*data,2-DR,QUEBEC,BIPHVT,SAHP_S,WTM3000,15,798
*data,2-DR,QUEBEC,BIPHVT,SAHP_S,WTM3200,15,798
*data,2-DR,QUEBEC,BIPHVT,SAHP_S,WTM3210,15,798
*data,2-DR,QUEBEC,BIPHVT,SAHP_S,WTM3310,15,798
*data,2-DR,QUEBEC,BIPHVT,SCS,SDHW,2,798
*data,2-DR,QUEBEC,BIPHVT,SCS,SE_CHP,15,798
*data,2-DR,QUEBEC,BIPHVT,SCS,WAM,15,798
*data,2-DR,QUEBEC,BIPHVT,SCS,WTM2010,14,798
*data,2-DR,QUEBEC,BIPHVT,SCS,WTM2100,14,798
*data,2-DR,QUEBEC,BIPHVT,SCS,WTM2110,14,798
*data,2-DR,QUEBEC,BIPHVT,SCS,WTM3000,15,798
*data,2-DR,QUEBEC,BIPHVT,SCS,WTM3200,15,798
*data,2-DR,QUEBEC,BIPHVT,SCS,WTM3210,15,798
*data,2-DR,QUEBEC,BIPHVT,SCS,WTM3310,15,798
*data,2-DR,QUEBEC,BIPHVT,SDHW,SE_CHP,2,798
*data,2-DR,QUEBEC,BIPHVT,SDHW,WAM,12,798
*data,2-DR,QUEBEC,BIPHVT,SDHW,WTM2010,12,798
*data,2-DR,QUEBEC,BIPHVT,SDHW,WTM2100,12,798
*data,2-DR,QUEBEC,BIPHVT,SDHW,WTM2110,12,798
*data,2-DR,QUEBEC,BIPHVT,SDHW,WTM3000,13,798
*data,2-DR,QUEBEC,BIPHVT,SDHW,WTM3200,13,798
*data,2-DR,QUEBEC,BIPHVT,SDHW,WTM3210,13,798
*data,2-DR,QUEBEC,BIPHVT,SDHW,WTM3310,13,798
*data,2-DR,QUEBEC,BIPHVT,SE_CHP,WAM,18,798
*data,2-DR,QUEBEC,BIPHVT,SE_CHP,WTM2010,25,798
*data,2-DR,QUEBEC,BIPHVT,SE_CHP,WTM2100,25,798
*data,2-DR,QUEBEC,BIPHVT,SE_CHP,WTM2110,25,798
*data,2-DR,QUEBEC,BIPHVT,SE_CHP,WTM3000,28,798
*data,2-DR,QUEBEC,BIPHVT,SE_CHP,WTM3200,28,798
*data,2-DR,QUEBEC,BIPHVT,SE_CHP,WTM3210,28,798
*data,2-DR,QUEBEC,BIPHVT,SE_CHP,WTM3310,28,798
*data,2-DR,QUEBEC,BIPHVT,WAM,WTM2010,93,798
*data,2-DR,QUEBEC,BIPHVT,WAM,WTM2100,93,798
*data,2-DR,QUEBEC,BIPHVT,WAM,WTM2110,93,798
*data,2-DR,QUEBEC,BIPHVT,WAM,WTM3000,108,798
*data,2-DR,QUEBEC,BIPHVT,WAM,WTM3200,108,798
*data,2-DR,QUEBEC,BIPHVT,WAM,WTM3210,108,798
*data,2-DR,QUEBEC,BIPHVT,WAM,WTM3310,108,798
*data,2-DR,QUEBEC,BIPHVT,WTM2010,WTM2100,179,798
*data,2-DR,QUEBEC,BIPHVT,WTM2010,WTM2110,179,798
*data,2-DR,QUEBEC,BIPHVT,WTM2010,WTM3000,179,798
*data,2-DR,QUEBEC,BIPHVT,WTM2010,WTM3200,179,798
*data,2-DR,QUEBEC,BIPHVT,WTM2010,WTM3210,179,798
*data,2-DR,QUEBEC,BIPHVT,WTM2010,WTM3310,179,798
*data,2-DR,QUEBEC,BIPHVT,WTM2100,WTM2110,179,798
*data,2-DR,QUEBEC,BIPHVT,WTM2100,WTM3000,179,798
*data,2-DR,QUEBEC,BIPHVT,WTM2100,WTM3200,179,798
*data,2-DR,QUEBEC,BIPHVT,WTM2100,WTM3210,179,798
*data,2-DR,QUEBEC,BIPHVT,WTM2100,WTM3310,179,798
*data,2-DR,QUEBEC,BIPHVT,WTM2110,WTM3000,179,798
*data,2-DR,QUEBEC,BIPHVT,WTM2110,WTM3200,179,798
*data,2-DR,QUEBEC,BIPHVT,WTM2110,WTM3210,179,798
*data,2-DR,QUEBEC,BIPHVT,WTM2110,WTM3310,179,798
*data,2-DR,QUEBEC,BIPHVT,WTM3000,WTM3200,205,798
*data,2-DR,QUEBEC,BIPHVT,WTM3000,WTM3210,205,798
*data,2-DR,QUEBEC,BIPHVT,WTM3000,WTM3310,205,798
*data,2-DR,QUEBEC,BIPHVT,WTM3200,WTM3210,205,798
*data,2-DR,QUEBEC,BIPHVT,WTM3200,WTM3310,205,798
*data,2-DR,QUEBEC,BIPHVT,WTM3210,WTM3310,205,798
*data,2-DR,QUEBEC,CVB,0,0,132,798
*data,2-DR,QUEBEC,CVB,FOH,0,110,798
*data,2-DR,QUEBEC,CVB,FVB,0,129,798
*data,2-DR,QUEBEC,CVB,ICE_CHP,0,34,798
*data,2-DR,QUEBEC,CVB,PCM,0,110,798
*data,2-DR,QUEBEC,CVB,PV,0,15,798
*data,2-DR,QUEBEC,CVB,SAHP_P,0,26,798
*data,2-DR,QUEBEC,CVB,SAHP_S,0,26,798
*data,2-DR,QUEBEC,CVB,SCS,0,26,798
*data,2-DR,QUEBEC,CVB,SDHW,0,15,798
*data,2-DR,QUEBEC,CVB,SE_CHP,0,34,798
*data,2-DR,QUEBEC,CVB,WAM,0,107,798
*data,2-DR,QUEBEC,CVB,WTM2010,0,115,798
*data,2-DR,QUEBEC,CVB,WTM2100,0,115,798
*data,2-DR,QUEBEC,CVB,WTM2110,0,115,798
*data,2-DR,QUEBEC,CVB,WTM3000,0,132,798
*data,2-DR,QUEBEC,CVB,WTM3200,0,132,798
*data,2-DR,QUEBEC,CVB,WTM3210,0,132,798
*data,2-DR,QUEBEC,CVB,WTM3310,0,132,798
*data,2-DR,QUEBEC,CVB,FOH,FVB,107,798
*data,2-DR,QUEBEC,CVB,FOH,ICE_CHP,27,798
*data,2-DR,QUEBEC,CVB,FOH,PCM,110,798
*data,2-DR,QUEBEC,CVB,FOH,PV,7,798
*data,2-DR,QUEBEC,CVB,FOH,SAHP_P,20,798
*data,2-DR,QUEBEC,CVB,FOH,SAHP_S,20,798
*data,2-DR,QUEBEC,CVB,FOH,SCS,20,798
*data,2-DR,QUEBEC,CVB,FOH,SDHW,7,798
*data,2-DR,QUEBEC,CVB,FOH,SE_CHP,27,798
*data,2-DR,QUEBEC,CVB,FOH,WAM,88,798
*data,2-DR,QUEBEC,CVB,FOH,WTM2010,96,798
*data,2-DR,QUEBEC,CVB,FOH,WTM2100,96,798
*data,2-DR,QUEBEC,CVB,FOH,WTM2110,96,798
*data,2-DR,QUEBEC,CVB,FOH,WTM3000,110,798
*data,2-DR,QUEBEC,CVB,FOH,WTM3200,110,798
*data,2-DR,QUEBEC,CVB,FOH,WTM3210,110,798
*data,2-DR,QUEBEC,CVB,FOH,WTM3310,110,798
*data,2-DR,QUEBEC,CVB,FVB,ICE_CHP,34,798
*data,2-DR,QUEBEC,CVB,FVB,PCM,107,798
*data,2-DR,QUEBEC,CVB,FVB,PV,14,798
*data,2-DR,QUEBEC,CVB,FVB,SAHP_P,26,798
*data,2-DR,QUEBEC,CVB,FVB,SAHP_S,26,798
*data,2-DR,QUEBEC,CVB,FVB,SCS,26,798
*data,2-DR,QUEBEC,CVB,FVB,SDHW,14,798
*data,2-DR,QUEBEC,CVB,FVB,SE_CHP,34,798
*data,2-DR,QUEBEC,CVB,FVB,WAM,105,798
*data,2-DR,QUEBEC,CVB,FVB,WTM2010,113,798
*data,2-DR,QUEBEC,CVB,FVB,WTM2100,113,798
*data,2-DR,QUEBEC,CVB,FVB,WTM2110,113,798
*data,2-DR,QUEBEC,CVB,FVB,WTM3000,129,798
*data,2-DR,QUEBEC,CVB,FVB,WTM3200,129,798
*data,2-DR,QUEBEC,CVB,FVB,WTM3210,129,798
*data,2-DR,QUEBEC,CVB,FVB,WTM3310,129,798
*data,2-DR,QUEBEC,CVB,ICE_CHP,PCM,27,798
*data,2-DR,QUEBEC,CVB,ICE_CHP,PV,1,798
*data,2-DR,QUEBEC,CVB,ICE_CHP,SAHP_P,26,798
*data,2-DR,QUEBEC,CVB,ICE_CHP,SAHP_S,26,798
*data,2-DR,QUEBEC,CVB,ICE_CHP,SCS,26,798
*data,2-DR,QUEBEC,CVB,ICE_CHP,SDHW,1,798
*data,2-DR,QUEBEC,CVB,ICE_CHP,SE_CHP,34,798
*data,2-DR,QUEBEC,CVB,ICE_CHP,WAM,27,798
*data,2-DR,QUEBEC,CVB,ICE_CHP,WTM2010,29,798
*data,2-DR,QUEBEC,CVB,ICE_CHP,WTM2100,29,798
*data,2-DR,QUEBEC,CVB,ICE_CHP,WTM2110,29,798
*data,2-DR,QUEBEC,CVB,ICE_CHP,WTM3000,34,798
*data,2-DR,QUEBEC,CVB,ICE_CHP,WTM3200,34,798
*data,2-DR,QUEBEC,CVB,ICE_CHP,WTM3210,34,798
*data,2-DR,QUEBEC,CVB,ICE_CHP,WTM3310,34,798
*data,2-DR,QUEBEC,CVB,PCM,PV,7,798
*data,2-DR,QUEBEC,CVB,PCM,SAHP_P,20,798
*data,2-DR,QUEBEC,CVB,PCM,SAHP_S,20,798
*data,2-DR,QUEBEC,CVB,PCM,SCS,20,798
*data,2-DR,QUEBEC,CVB,PCM,SDHW,7,798
*data,2-DR,QUEBEC,CVB,PCM,SE_CHP,27,798
*data,2-DR,QUEBEC,CVB,PCM,WAM,88,798
*data,2-DR,QUEBEC,CVB,PCM,WTM2010,96,798
*data,2-DR,QUEBEC,CVB,PCM,WTM2100,96,798
*data,2-DR,QUEBEC,CVB,PCM,WTM2110,96,798
*data,2-DR,QUEBEC,CVB,PCM,WTM3000,110,798
*data,2-DR,QUEBEC,CVB,PCM,WTM3200,110,798
*data,2-DR,QUEBEC,CVB,PCM,WTM3210,110,798
*data,2-DR,QUEBEC,CVB,PCM,WTM3310,110,798
*data,2-DR,QUEBEC,CVB,PV,SAHP_P,1,798
*data,2-DR,QUEBEC,CVB,PV,SAHP_S,1,798
*data,2-DR,QUEBEC,CVB,PV,SCS,1,798
*data,2-DR,QUEBEC,CVB,PV,SDHW,15,798
*data,2-DR,QUEBEC,CVB,PV,SE_CHP,1,798
*data,2-DR,QUEBEC,CVB,PV,WAM,13,798
*data,2-DR,QUEBEC,CVB,PV,WTM2010,14,798
*data,2-DR,QUEBEC,CVB,PV,WTM2100,14,798
*data,2-DR,QUEBEC,CVB,PV,WTM2110,14,798
*data,2-DR,QUEBEC,CVB,PV,WTM3000,15,798
*data,2-DR,QUEBEC,CVB,PV,WTM3200,15,798
*data,2-DR,QUEBEC,CVB,PV,WTM3210,15,798
*data,2-DR,QUEBEC,CVB,PV,WTM3310,15,798
*data,2-DR,QUEBEC,CVB,SAHP_P,SAHP_S,26,798
*data,2-DR,QUEBEC,CVB,SAHP_P,SCS,26,798
*data,2-DR,QUEBEC,CVB,SAHP_P,SDHW,1,798
*data,2-DR,QUEBEC,CVB,SAHP_P,SE_CHP,26,798
*data,2-DR,QUEBEC,CVB,SAHP_P,WAM,23,798
*data,2-DR,QUEBEC,CVB,SAHP_P,WTM2010,22,798
*data,2-DR,QUEBEC,CVB,SAHP_P,WTM2100,22,798
*data,2-DR,QUEBEC,CVB,SAHP_P,WTM2110,22,798
*data,2-DR,QUEBEC,CVB,SAHP_P,WTM3000,26,798
*data,2-DR,QUEBEC,CVB,SAHP_P,WTM3200,26,798
*data,2-DR,QUEBEC,CVB,SAHP_P,WTM3210,26,798
*data,2-DR,QUEBEC,CVB,SAHP_P,WTM3310,26,798
*data,2-DR,QUEBEC,CVB,SAHP_S,SCS,26,798
*data,2-DR,QUEBEC,CVB,SAHP_S,SDHW,1,798
*data,2-DR,QUEBEC,CVB,SAHP_S,SE_CHP,26,798
*data,2-DR,QUEBEC,CVB,SAHP_S,WAM,23,798
*data,2-DR,QUEBEC,CVB,SAHP_S,WTM2010,22,798
*data,2-DR,QUEBEC,CVB,SAHP_S,WTM2100,22,798
*data,2-DR,QUEBEC,CVB,SAHP_S,WTM2110,22,798
*data,2-DR,QUEBEC,CVB,SAHP_S,WTM3000,26,798
*data,2-DR,QUEBEC,CVB,SAHP_S,WTM3200,26,798
*data,2-DR,QUEBEC,CVB,SAHP_S,WTM3210,26,798
*data,2-DR,QUEBEC,CVB,SAHP_S,WTM3310,26,798
*data,2-DR,QUEBEC,CVB,SCS,SDHW,1,798
*data,2-DR,QUEBEC,CVB,SCS,SE_CHP,26,798
*data,2-DR,QUEBEC,CVB,SCS,WAM,23,798
*data,2-DR,QUEBEC,CVB,SCS,WTM2010,22,798
*data,2-DR,QUEBEC,CVB,SCS,WTM2100,22,798
*data,2-DR,QUEBEC,CVB,SCS,WTM2110,22,798
*data,2-DR,QUEBEC,CVB,SCS,WTM3000,26,798
*data,2-DR,QUEBEC,CVB,SCS,WTM3200,26,798
*data,2-DR,QUEBEC,CVB,SCS,WTM3210,26,798
*data,2-DR,QUEBEC,CVB,SCS,WTM3310,26,798
*data,2-DR,QUEBEC,CVB,SDHW,SE_CHP,1,798
*data,2-DR,QUEBEC,CVB,SDHW,WAM,13,798
*data,2-DR,QUEBEC,CVB,SDHW,WTM2010,14,798
*data,2-DR,QUEBEC,CVB,SDHW,WTM2100,14,798
*data,2-DR,QUEBEC,CVB,SDHW,WTM2110,14,798
*data,2-DR,QUEBEC,CVB,SDHW,WTM3000,15,798
*data,2-DR,QUEBEC,CVB,SDHW,WTM3200,15,798
*data,2-DR,QUEBEC,CVB,SDHW,WTM3210,15,798
*data,2-DR,QUEBEC,CVB,SDHW,WTM3310,15,798
*data,2-DR,QUEBEC,CVB,SE_CHP,WAM,27,798
*data,2-DR,QUEBEC,CVB,SE_CHP,WTM2010,29,798
*data,2-DR,QUEBEC,CVB,SE_CHP,WTM2100,29,798
*data,2-DR,QUEBEC,CVB,SE_CHP,WTM2110,29,798
*data,2-DR,QUEBEC,CVB,SE_CHP,WTM3000,34,798
*data,2-DR,QUEBEC,CVB,SE_CHP,WTM3200,34,798
*data,2-DR,QUEBEC,CVB,SE_CHP,WTM3210,34,798
*data,2-DR,QUEBEC,CVB,SE_CHP,WTM3310,34,798
*data,2-DR,QUEBEC,CVB,WAM,WTM2010,94,798
*data,2-DR,QUEBEC,CVB,WAM,WTM2100,94,798
*data,2-DR,QUEBEC,CVB,WAM,WTM2110,94,798
*data,2-DR,QUEBEC,CVB,WAM,WTM3000,107,798
*data,2-DR,QUEBEC,CVB,WAM,WTM3200,107,798
*data,2-DR,QUEBEC,CVB,WAM,WTM3210,107,798
*data,2-DR,QUEBEC,CVB,WAM,WTM3310,107,798
*data,2-DR,QUEBEC,CVB,WTM2010,WTM2100,115,798
*data,2-DR,QUEBEC,CVB,WTM2010,WTM2110,115,798
*data,2-DR,QUEBEC,CVB,WTM2010,WTM3000,115,798
*data,2-DR,QUEBEC,CVB,WTM2010,WTM3200,115,798
*data,2-DR,QUEBEC,CVB,WTM2010,WTM3210,115,798
*data,2-DR,QUEBEC,CVB,WTM2010,WTM3310,115,798
*data,2-DR,QUEBEC,CVB,WTM2100,WTM2110,115,798
*data,2-DR,QUEBEC,CVB,WTM2100,WTM3000,115,798
*data,2-DR,QUEBEC,CVB,WTM2100,WTM3200,115,798
*data,2-DR,QUEBEC,CVB,WTM2100,WTM3210,115,798
*data,2-DR,QUEBEC,CVB,WTM2100,WTM3310,115,798
*data,2-DR,QUEBEC,CVB,WTM2110,WTM3000,115,798
*data,2-DR,QUEBEC,CVB,WTM2110,WTM3200,115,798
*data,2-DR,QUEBEC,CVB,WTM2110,WTM3210,115,798
*data,2-DR,QUEBEC,CVB,WTM2110,WTM3310,115,798
*data,2-DR,QUEBEC,CVB,WTM3000,WTM3200,132,798
*data,2-DR,QUEBEC,CVB,WTM3000,WTM3210,132,798
*data,2-DR,QUEBEC,CVB,WTM3000,WTM3310,132,798
*data,2-DR,QUEBEC,CVB,WTM3200,WTM3210,132,798
*data,2-DR,QUEBEC,CVB,WTM3200,WTM3310,132,798
*data,2-DR,QUEBEC,CVB,WTM3210,WTM3310,132,798
*data,2-DR,QUEBEC,FOH,0,0,110,798
*data,2-DR,QUEBEC,FOH,FVB,0,107,798
*data,2-DR,QUEBEC,FOH,ICE_CHP,0,27,798
*data,2-DR,QUEBEC,FOH,PCM,0,110,798
*data,2-DR,QUEBEC,FOH,PV,0,7,798
*data,2-DR,QUEBEC,FOH,SAHP_P,0,20,798
*data,2-DR,QUEBEC,FOH,SAHP_S,0,20,798
*data,2-DR,QUEBEC,FOH,SCS,0,20,798
*data,2-DR,QUEBEC,FOH,SDHW,0,7,798
*data,2-DR,QUEBEC,FOH,SE_CHP,0,27,798
*data,2-DR,QUEBEC,FOH,WAM,0,88,798
*data,2-DR,QUEBEC,FOH,WTM2010,0,96,798
*data,2-DR,QUEBEC,FOH,WTM2100,0,96,798
*data,2-DR,QUEBEC,FOH,WTM2110,0,96,798
*data,2-DR,QUEBEC,FOH,WTM3000,0,110,798
*data,2-DR,QUEBEC,FOH,WTM3200,0,110,798
*data,2-DR,QUEBEC,FOH,WTM3210,0,110,798
*data,2-DR,QUEBEC,FOH,WTM3310,0,110,798
*data,2-DR,QUEBEC,FOH,FVB,ICE_CHP,27,798
*data,2-DR,QUEBEC,FOH,FVB,PCM,107,798
*data,2-DR,QUEBEC,FOH,FVB,PV,6,798
*data,2-DR,QUEBEC,FOH,FVB,SAHP_P,20,798
*data,2-DR,QUEBEC,FOH,FVB,SAHP_S,20,798
*data,2-DR,QUEBEC,FOH,FVB,SCS,20,798
*data,2-DR,QUEBEC,FOH,FVB,SDHW,6,798
*data,2-DR,QUEBEC,FOH,FVB,SE_CHP,27,798
*data,2-DR,QUEBEC,FOH,FVB,WAM,86,798
*data,2-DR,QUEBEC,FOH,FVB,WTM2010,94,798
*data,2-DR,QUEBEC,FOH,FVB,WTM2100,94,798
*data,2-DR,QUEBEC,FOH,FVB,WTM2110,94,798
*data,2-DR,QUEBEC,FOH,FVB,WTM3000,107,798
*data,2-DR,QUEBEC,FOH,FVB,WTM3200,107,798
*data,2-DR,QUEBEC,FOH,FVB,WTM3210,107,798
*data,2-DR,QUEBEC,FOH,FVB,WTM3310,107,798
*data,2-DR,QUEBEC,FOH,ICE_CHP,PCM,27,798
*data,2-DR,QUEBEC,FOH,ICE_CHP,PV,0,798
*data,2-DR,QUEBEC,FOH,ICE_CHP,SAHP_P,20,798
*data,2-DR,QUEBEC,FOH,ICE_CHP,SAHP_S,20,798
*data,2-DR,QUEBEC,FOH,ICE_CHP,SCS,20,798
*data,2-DR,QUEBEC,FOH,ICE_CHP,SDHW,0,798
*data,2-DR,QUEBEC,FOH,ICE_CHP,SE_CHP,27,798
*data,2-DR,QUEBEC,FOH,ICE_CHP,WAM,22,798
*data,2-DR,QUEBEC,FOH,ICE_CHP,WTM2010,23,798
*data,2-DR,QUEBEC,FOH,ICE_CHP,WTM2100,23,798
*data,2-DR,QUEBEC,FOH,ICE_CHP,WTM2110,23,798
*data,2-DR,QUEBEC,FOH,ICE_CHP,WTM3000,27,798
*data,2-DR,QUEBEC,FOH,ICE_CHP,WTM3200,27,798
*data,2-DR,QUEBEC,FOH,ICE_CHP,WTM3210,27,798
*data,2-DR,QUEBEC,FOH,ICE_CHP,WTM3310,27,798
*data,2-DR,QUEBEC,FOH,PCM,PV,7,798
*data,2-DR,QUEBEC,FOH,PCM,SAHP_P,20,798
*data,2-DR,QUEBEC,FOH,PCM,SAHP_S,20,798
*data,2-DR,QUEBEC,FOH,PCM,SCS,20,798
*data,2-DR,QUEBEC,FOH,PCM,SDHW,7,798
*data,2-DR,QUEBEC,FOH,PCM,SE_CHP,27,798
*data,2-DR,QUEBEC,FOH,PCM,WAM,88,798
*data,2-DR,QUEBEC,FOH,PCM,WTM2010,96,798
*data,2-DR,QUEBEC,FOH,PCM,WTM2100,96,798
*data,2-DR,QUEBEC,FOH,PCM,WTM2110,96,798
*data,2-DR,QUEBEC,FOH,PCM,WTM3000,110,798
*data,2-DR,QUEBEC,FOH,PCM,WTM3200,110,798
*data,2-DR,QUEBEC,FOH,PCM,WTM3210,110,798
*data,2-DR,QUEBEC,FOH,PCM,WTM3310,110,798
*data,2-DR,QUEBEC,FOH,PV,SAHP_P,0,798
*data,2-DR,QUEBEC,FOH,PV,SAHP_S,0,798
*data,2-DR,QUEBEC,FOH,PV,SCS,0,798
*data,2-DR,QUEBEC,FOH,PV,SDHW,7,798
*data,2-DR,QUEBEC,FOH,PV,SE_CHP,0,798
*data,2-DR,QUEBEC,FOH,PV,WAM,7,798
*data,2-DR,QUEBEC,FOH,PV,WTM2010,6,798
*data,2-DR,QUEBEC,FOH,PV,WTM2100,6,798
*data,2-DR,QUEBEC,FOH,PV,WTM2110,6,798
*data,2-DR,QUEBEC,FOH,PV,WTM3000,7,798
*data,2-DR,QUEBEC,FOH,PV,WTM3200,7,798
*data,2-DR,QUEBEC,FOH,PV,WTM3210,7,798
*data,2-DR,QUEBEC,FOH,PV,WTM3310,7,798
*data,2-DR,QUEBEC,FOH,SAHP_P,SAHP_S,20,798
*data,2-DR,QUEBEC,FOH,SAHP_P,SCS,20,798
*data,2-DR,QUEBEC,FOH,SAHP_P,SDHW,0,798
*data,2-DR,QUEBEC,FOH,SAHP_P,SE_CHP,20,798
*data,2-DR,QUEBEC,FOH,SAHP_P,WAM,18,798
*data,2-DR,QUEBEC,FOH,SAHP_P,WTM2010,17,798
*data,2-DR,QUEBEC,FOH,SAHP_P,WTM2100,17,798
*data,2-DR,QUEBEC,FOH,SAHP_P,WTM2110,17,798
*data,2-DR,QUEBEC,FOH,SAHP_P,WTM3000,20,798
*data,2-DR,QUEBEC,FOH,SAHP_P,WTM3200,20,798
*data,2-DR,QUEBEC,FOH,SAHP_P,WTM3210,20,798
*data,2-DR,QUEBEC,FOH,SAHP_P,WTM3310,20,798
*data,2-DR,QUEBEC,FOH,SAHP_S,SCS,20,798
*data,2-DR,QUEBEC,FOH,SAHP_S,SDHW,0,798
*data,2-DR,QUEBEC,FOH,SAHP_S,SE_CHP,20,798
*data,2-DR,QUEBEC,FOH,SAHP_S,WAM,18,798
*data,2-DR,QUEBEC,FOH,SAHP_S,WTM2010,17,798
*data,2-DR,QUEBEC,FOH,SAHP_S,WTM2100,17,798
*data,2-DR,QUEBEC,FOH,SAHP_S,WTM2110,17,798
*data,2-DR,QUEBEC,FOH,SAHP_S,WTM3000,20,798
*data,2-DR,QUEBEC,FOH,SAHP_S,WTM3200,20,798
*data,2-DR,QUEBEC,FOH,SAHP_S,WTM3210,20,798
*data,2-DR,QUEBEC,FOH,SAHP_S,WTM3310,20,798
*data,2-DR,QUEBEC,FOH,SCS,SDHW,0,798
*data,2-DR,QUEBEC,FOH,SCS,SE_CHP,20,798
*data,2-DR,QUEBEC,FOH,SCS,WAM,18,798
*data,2-DR,QUEBEC,FOH,SCS,WTM2010,17,798
*data,2-DR,QUEBEC,FOH,SCS,WTM2100,17,798
*data,2-DR,QUEBEC,FOH,SCS,WTM2110,17,798
*data,2-DR,QUEBEC,FOH,SCS,WTM3000,20,798
*data,2-DR,QUEBEC,FOH,SCS,WTM3200,20,798
*data,2-DR,QUEBEC,FOH,SCS,WTM3210,20,798
*data,2-DR,QUEBEC,FOH,SCS,WTM3310,20,798
*data,2-DR,QUEBEC,FOH,SDHW,SE_CHP,0,798
*data,2-DR,QUEBEC,FOH,SDHW,WAM,7,798
*data,2-DR,QUEBEC,FOH,SDHW,WTM2010,6,798
*data,2-DR,QUEBEC,FOH,SDHW,WTM2100,6,798
*data,2-DR,QUEBEC,FOH,SDHW,WTM2110,6,798
*data,2-DR,QUEBEC,FOH,SDHW,WTM3000,7,798
*data,2-DR,QUEBEC,FOH,SDHW,WTM3200,7,798
*data,2-DR,QUEBEC,FOH,SDHW,WTM3210,7,798
*data,2-DR,QUEBEC,FOH,SDHW,WTM3310,7,798
*data,2-DR,QUEBEC,FOH,SE_CHP,WAM,22,798
*data,2-DR,QUEBEC,FOH,SE_CHP,WTM2010,23,798
*data,2-DR,QUEBEC,FOH,SE_CHP,WTM2100,23,798
*data,2-DR,QUEBEC,FOH,SE_CHP,WTM2110,23,798
*data,2-DR,QUEBEC,FOH,SE_CHP,WTM3000,27,798
*data,2-DR,QUEBEC,FOH,SE_CHP,WTM3200,27,798
*data,2-DR,QUEBEC,FOH,SE_CHP,WTM3210,27,798
*data,2-DR,QUEBEC,FOH,SE_CHP,WTM3310,27,798
*data,2-DR,QUEBEC,FOH,WAM,WTM2010,78,798
*data,2-DR,QUEBEC,FOH,WAM,WTM2100,78,798
*data,2-DR,QUEBEC,FOH,WAM,WTM2110,78,798
*data,2-DR,QUEBEC,FOH,WAM,WTM3000,88,798
*data,2-DR,QUEBEC,FOH,WAM,WTM3200,88,798
*data,2-DR,QUEBEC,FOH,WAM,WTM3210,88,798
*data,2-DR,QUEBEC,FOH,WAM,WTM3310,88,798
*data,2-DR,QUEBEC,FOH,WTM2010,WTM2100,96,798
*data,2-DR,QUEBEC,FOH,WTM2010,WTM2110,96,798
*data,2-DR,QUEBEC,FOH,WTM2010,WTM3000,96,798
*data,2-DR,QUEBEC,FOH,WTM2010,WTM3200,96,798
*data,2-DR,QUEBEC,FOH,WTM2010,WTM3210,96,798
*data,2-DR,QUEBEC,FOH,WTM2010,WTM3310,96,798
*data,2-DR,QUEBEC,FOH,WTM2100,WTM2110,96,798
*data,2-DR,QUEBEC,FOH,WTM2100,WTM3000,96,798
*data,2-DR,QUEBEC,FOH,WTM2100,WTM3200,96,798
*data,2-DR,QUEBEC,FOH,WTM2100,WTM3210,96,798
*data,2-DR,QUEBEC,FOH,WTM2100,WTM3310,96,798
*data,2-DR,QUEBEC,FOH,WTM2110,WTM3000,96,798
*data,2-DR,QUEBEC,FOH,WTM2110,WTM3200,96,798
*data,2-DR,QUEBEC,FOH,WTM2110,WTM3210,96,798
*data,2-DR,QUEBEC,FOH,WTM2110,WTM3310,96,798
*data,2-DR,QUEBEC,FOH,WTM3000,WTM3200,110,798
*data,2-DR,QUEBEC,FOH,WTM3000,WTM3210,110,798
*data,2-DR,QUEBEC,FOH,WTM3000,WTM3310,110,798
*data,2-DR,QUEBEC,FOH,WTM3200,WTM3210,110,798
*data,2-DR,QUEBEC,FOH,WTM3200,WTM3310,110,798
*data,2-DR,QUEBEC,FOH,WTM3210,WTM3310,110,798
*data,2-DR,QUEBEC,FVB,0,0,129,798
*data,2-DR,QUEBEC,FVB,ICE_CHP,0,34,798
*data,2-DR,QUEBEC,FVB,PCM,0,107,798
*data,2-DR,QUEBEC,FVB,PV,0,14,798
*data,2-DR,QUEBEC,FVB,SAHP_P,0,26,798
*data,2-DR,QUEBEC,FVB,SAHP_S,0,26,798
*data,2-DR,QUEBEC,FVB,SCS,0,26,798
*data,2-DR,QUEBEC,FVB,SDHW,0,14,798
*data,2-DR,QUEBEC,FVB,SE_CHP,0,34,798
*data,2-DR,QUEBEC,FVB,WAM,0,105,798
*data,2-DR,QUEBEC,FVB,WTM2010,0,113,798
*data,2-DR,QUEBEC,FVB,WTM2100,0,113,798
*data,2-DR,QUEBEC,FVB,WTM2110,0,113,798
*data,2-DR,QUEBEC,FVB,WTM3000,0,129,798
*data,2-DR,QUEBEC,FVB,WTM3200,0,129,798
*data,2-DR,QUEBEC,FVB,WTM3210,0,129,798
*data,2-DR,QUEBEC,FVB,WTM3310,0,129,798
*data,2-DR,QUEBEC,FVB,ICE_CHP,PCM,27,798
*data,2-DR,QUEBEC,FVB,ICE_CHP,PV,1,798
*data,2-DR,QUEBEC,FVB,ICE_CHP,SAHP_P,26,798
*data,2-DR,QUEBEC,FVB,ICE_CHP,SAHP_S,26,798
*data,2-DR,QUEBEC,FVB,ICE_CHP,SCS,26,798
*data,2-DR,QUEBEC,FVB,ICE_CHP,SDHW,1,798
*data,2-DR,QUEBEC,FVB,ICE_CHP,SE_CHP,34,798
*data,2-DR,QUEBEC,FVB,ICE_CHP,WAM,27,798
*data,2-DR,QUEBEC,FVB,ICE_CHP,WTM2010,29,798
*data,2-DR,QUEBEC,FVB,ICE_CHP,WTM2100,29,798
*data,2-DR,QUEBEC,FVB,ICE_CHP,WTM2110,29,798
*data,2-DR,QUEBEC,FVB,ICE_CHP,WTM3000,34,798
*data,2-DR,QUEBEC,FVB,ICE_CHP,WTM3200,34,798
*data,2-DR,QUEBEC,FVB,ICE_CHP,WTM3210,34,798
*data,2-DR,QUEBEC,FVB,ICE_CHP,WTM3310,34,798
*data,2-DR,QUEBEC,FVB,PCM,PV,6,798
*data,2-DR,QUEBEC,FVB,PCM,SAHP_P,20,798
*data,2-DR,QUEBEC,FVB,PCM,SAHP_S,20,798
*data,2-DR,QUEBEC,FVB,PCM,SCS,20,798
*data,2-DR,QUEBEC,FVB,PCM,SDHW,6,798
*data,2-DR,QUEBEC,FVB,PCM,SE_CHP,27,798
*data,2-DR,QUEBEC,FVB,PCM,WAM,86,798
*data,2-DR,QUEBEC,FVB,PCM,WTM2010,94,798
*data,2-DR,QUEBEC,FVB,PCM,WTM2100,94,798
*data,2-DR,QUEBEC,FVB,PCM,WTM2110,94,798
*data,2-DR,QUEBEC,FVB,PCM,WTM3000,107,798
*data,2-DR,QUEBEC,FVB,PCM,WTM3200,107,798
*data,2-DR,QUEBEC,FVB,PCM,WTM3210,107,798
*data,2-DR,QUEBEC,FVB,PCM,WTM3310,107,798
*data,2-DR,QUEBEC,FVB,PV,SAHP_P,1,798
*data,2-DR,QUEBEC,FVB,PV,SAHP_S,1,798
*data,2-DR,QUEBEC,FVB,PV,SCS,1,798
*data,2-DR,QUEBEC,FVB,PV,SDHW,14,798
*data,2-DR,QUEBEC,FVB,PV,SE_CHP,1,798
*data,2-DR,QUEBEC,FVB,PV,WAM,12,798
*data,2-DR,QUEBEC,FVB,PV,WTM2010,13,798
*data,2-DR,QUEBEC,FVB,PV,WTM2100,13,798
*data,2-DR,QUEBEC,FVB,PV,WTM2110,13,798
*data,2-DR,QUEBEC,FVB,PV,WTM3000,14,798
*data,2-DR,QUEBEC,FVB,PV,WTM3200,14,798
*data,2-DR,QUEBEC,FVB,PV,WTM3210,14,798
*data,2-DR,QUEBEC,FVB,PV,WTM3310,14,798
*data,2-DR,QUEBEC,FVB,SAHP_P,SAHP_S,26,798
*data,2-DR,QUEBEC,FVB,SAHP_P,SCS,26,798
*data,2-DR,QUEBEC,FVB,SAHP_P,SDHW,1,798
*data,2-DR,QUEBEC,FVB,SAHP_P,SE_CHP,26,798
*data,2-DR,QUEBEC,FVB,SAHP_P,WAM,23,798
*data,2-DR,QUEBEC,FVB,SAHP_P,WTM2010,22,798
*data,2-DR,QUEBEC,FVB,SAHP_P,WTM2100,22,798
*data,2-DR,QUEBEC,FVB,SAHP_P,WTM2110,22,798
*data,2-DR,QUEBEC,FVB,SAHP_P,WTM3000,26,798
*data,2-DR,QUEBEC,FVB,SAHP_P,WTM3200,26,798
*data,2-DR,QUEBEC,FVB,SAHP_P,WTM3210,26,798
*data,2-DR,QUEBEC,FVB,SAHP_P,WTM3310,26,798
*data,2-DR,QUEBEC,FVB,SAHP_S,SCS,26,798
*data,2-DR,QUEBEC,FVB,SAHP_S,SDHW,1,798
*data,2-DR,QUEBEC,FVB,SAHP_S,SE_CHP,26,798
*data,2-DR,QUEBEC,FVB,SAHP_S,WAM,23,798
*data,2-DR,QUEBEC,FVB,SAHP_S,WTM2010,22,798
*data,2-DR,QUEBEC,FVB,SAHP_S,WTM2100,22,798
*data,2-DR,QUEBEC,FVB,SAHP_S,WTM2110,22,798
*data,2-DR,QUEBEC,FVB,SAHP_S,WTM3000,26,798
*data,2-DR,QUEBEC,FVB,SAHP_S,WTM3200,26,798
*data,2-DR,QUEBEC,FVB,SAHP_S,WTM3210,26,798
*data,2-DR,QUEBEC,FVB,SAHP_S,WTM3310,26,798
*data,2-DR,QUEBEC,FVB,SCS,SDHW,1,798
*data,2-DR,QUEBEC,FVB,SCS,SE_CHP,26,798
*data,2-DR,QUEBEC,FVB,SCS,WAM,23,798
*data,2-DR,QUEBEC,FVB,SCS,WTM2010,22,798
*data,2-DR,QUEBEC,FVB,SCS,WTM2100,22,798
*data,2-DR,QUEBEC,FVB,SCS,WTM2110,22,798
*data,2-DR,QUEBEC,FVB,SCS,WTM3000,26,798
*data,2-DR,QUEBEC,FVB,SCS,WTM3200,26,798
*data,2-DR,QUEBEC,FVB,SCS,WTM3210,26,798
*data,2-DR,QUEBEC,FVB,SCS,WTM3310,26,798
*data,2-DR,QUEBEC,FVB,SDHW,SE_CHP,1,798
*data,2-DR,QUEBEC,FVB,SDHW,WAM,12,798
*data,2-DR,QUEBEC,FVB,SDHW,WTM2010,13,798
*data,2-DR,QUEBEC,FVB,SDHW,WTM2100,13,798
*data,2-DR,QUEBEC,FVB,SDHW,WTM2110,13,798
*data,2-DR,QUEBEC,FVB,SDHW,WTM3000,14,798
*data,2-DR,QUEBEC,FVB,SDHW,WTM3200,14,798
*data,2-DR,QUEBEC,FVB,SDHW,WTM3210,14,798
*data,2-DR,QUEBEC,FVB,SDHW,WTM3310,14,798
*data,2-DR,QUEBEC,FVB,SE_CHP,WAM,27,798
*data,2-DR,QUEBEC,FVB,SE_CHP,WTM2010,29,798
*data,2-DR,QUEBEC,FVB,SE_CHP,WTM2100,29,798
*data,2-DR,QUEBEC,FVB,SE_CHP,WTM2110,29,798
*data,2-DR,QUEBEC,FVB,SE_CHP,WTM3000,34,798
*data,2-DR,QUEBEC,FVB,SE_CHP,WTM3200,34,798
*data,2-DR,QUEBEC,FVB,SE_CHP,WTM3210,34,798
*data,2-DR,QUEBEC,FVB,SE_CHP,WTM3310,34,798
*data,2-DR,QUEBEC,FVB,WAM,WTM2010,92,798
*data,2-DR,QUEBEC,FVB,WAM,WTM2100,92,798
*data,2-DR,QUEBEC,FVB,WAM,WTM2110,92,798
*data,2-DR,QUEBEC,FVB,WAM,WTM3000,105,798
*data,2-DR,QUEBEC,FVB,WAM,WTM3200,105,798
*data,2-DR,QUEBEC,FVB,WAM,WTM3210,105,798
*data,2-DR,QUEBEC,FVB,WAM,WTM3310,105,798
*data,2-DR,QUEBEC,FVB,WTM2010,WTM2100,113,798
*data,2-DR,QUEBEC,FVB,WTM2010,WTM2110,113,798
*data,2-DR,QUEBEC,FVB,WTM2010,WTM3000,113,798
*data,2-DR,QUEBEC,FVB,WTM2010,WTM3200,113,798
*data,2-DR,QUEBEC,FVB,WTM2010,WTM3210,113,798
*data,2-DR,QUEBEC,FVB,WTM2010,WTM3310,113,798
*data,2-DR,QUEBEC,FVB,WTM2100,WTM2110,113,798
*data,2-DR,QUEBEC,FVB,WTM2100,WTM3000,113,798
*data,2-DR,QUEBEC,FVB,WTM2100,WTM3200,113,798
*data,2-DR,QUEBEC,FVB,WTM2100,WTM3210,113,798
*data,2-DR,QUEBEC,FVB,WTM2100,WTM3310,113,798
*data,2-DR,QUEBEC,FVB,WTM2110,WTM3000,113,798
*data,2-DR,QUEBEC,FVB,WTM2110,WTM3200,113,798
*data,2-DR,QUEBEC,FVB,WTM2110,WTM3210,113,798
*data,2-DR,QUEBEC,FVB,WTM2110,WTM3310,113,798
*data,2-DR,QUEBEC,FVB,WTM3000,WTM3200,129,798
*data,2-DR,QUEBEC,FVB,WTM3000,WTM3210,129,798
*data,2-DR,QUEBEC,FVB,WTM3000,WTM3310,129,798
*data,2-DR,QUEBEC,FVB,WTM3200,WTM3210,129,798
*data,2-DR,QUEBEC,FVB,WTM3200,WTM3310,129,798
*data,2-DR,QUEBEC,FVB,WTM3210,WTM3310,129,798
*data,2-DR,QUEBEC,ICE_CHP,0,0,156,798
*data,2-DR,QUEBEC,ICE_CHP,PCM,0,129,798
*data,2-DR,QUEBEC,ICE_CHP,PV,0,7,798
*data,2-DR,QUEBEC,ICE_CHP,SAHP_P,0,133,798
*data,2-DR,QUEBEC,ICE_CHP,SAHP_S,0,133,798
*data,2-DR,QUEBEC,ICE_CHP,SCS,0,133,798
*data,2-DR,QUEBEC,ICE_CHP,SDHW,0,7,798
*data,2-DR,QUEBEC,ICE_CHP,SE_CHP,0,156,798
*data,2-DR,QUEBEC,ICE_CHP,WAM,0,131,798
*data,2-DR,QUEBEC,ICE_CHP,WTM2010,0,137,798
*data,2-DR,QUEBEC,ICE_CHP,WTM2100,0,137,798
*data,2-DR,QUEBEC,ICE_CHP,WTM2110,0,137,798
*data,2-DR,QUEBEC,ICE_CHP,WTM3000,0,156,798
*data,2-DR,QUEBEC,ICE_CHP,WTM3200,0,156,798
*data,2-DR,QUEBEC,ICE_CHP,WTM3210,0,156,798
*data,2-DR,QUEBEC,ICE_CHP,WTM3310,0,156,798
*data,2-DR,QUEBEC,ICE_CHP,PCM,PV,6,798
*data,2-DR,QUEBEC,ICE_CHP,PCM,SAHP_P,107,798
*data,2-DR,QUEBEC,ICE_CHP,PCM,SAHP_S,107,798
*data,2-DR,QUEBEC,ICE_CHP,PCM,SCS,107,798
*data,2-DR,QUEBEC,ICE_CHP,PCM,SDHW,6,798
*data,2-DR,QUEBEC,ICE_CHP,PCM,SE_CHP,129,798
*data,2-DR,QUEBEC,ICE_CHP,PCM,WAM,110,798
*data,2-DR,QUEBEC,ICE_CHP,PCM,WTM2010,112,798
*data,2-DR,QUEBEC,ICE_CHP,PCM,WTM2100,112,798
*data,2-DR,QUEBEC,ICE_CHP,PCM,WTM2110,112,798
*data,2-DR,QUEBEC,ICE_CHP,PCM,WTM3000,129,798
*data,2-DR,QUEBEC,ICE_CHP,PCM,WTM3200,129,798
*data,2-DR,QUEBEC,ICE_CHP,PCM,WTM3210,129,798
*data,2-DR,QUEBEC,ICE_CHP,PCM,WTM3310,129,798
*data,2-DR,QUEBEC,ICE_CHP,PV,SAHP_P,7,798
*data,2-DR,QUEBEC,ICE_CHP,PV,SAHP_S,7,798
*data,2-DR,QUEBEC,ICE_CHP,PV,SCS,7,798
*data,2-DR,QUEBEC,ICE_CHP,PV,SDHW,7,798
*data,2-DR,QUEBEC,ICE_CHP,PV,SE_CHP,7,798
*data,2-DR,QUEBEC,ICE_CHP,PV,WAM,6,798
*data,2-DR,QUEBEC,ICE_CHP,PV,WTM2010,6,798
*data,2-DR,QUEBEC,ICE_CHP,PV,WTM2100,6,798
*data,2-DR,QUEBEC,ICE_CHP,PV,WTM2110,6,798
*data,2-DR,QUEBEC,ICE_CHP,PV,WTM3000,7,798
*data,2-DR,QUEBEC,ICE_CHP,PV,WTM3200,7,798
*data,2-DR,QUEBEC,ICE_CHP,PV,WTM3210,7,798
*data,2-DR,QUEBEC,ICE_CHP,PV,WTM3310,7,798
*data,2-DR,QUEBEC,ICE_CHP,SAHP_P,SAHP_S,133,798
*data,2-DR,QUEBEC,ICE_CHP,SAHP_P,SCS,133,798
*data,2-DR,QUEBEC,ICE_CHP,SAHP_P,SDHW,7,798
*data,2-DR,QUEBEC,ICE_CHP,SAHP_P,SE_CHP,133,798
*data,2-DR,QUEBEC,ICE_CHP,SAHP_P,WAM,122,798
*data,2-DR,QUEBEC,ICE_CHP,SAHP_P,WTM2010,118,798
*data,2-DR,QUEBEC,ICE_CHP,SAHP_P,WTM2100,118,798
*data,2-DR,QUEBEC,ICE_CHP,SAHP_P,WTM2110,118,798
*data,2-DR,QUEBEC,ICE_CHP,SAHP_P,WTM3000,133,798
*data,2-DR,QUEBEC,ICE_CHP,SAHP_P,WTM3200,133,798
*data,2-DR,QUEBEC,ICE_CHP,SAHP_P,WTM3210,133,798
*data,2-DR,QUEBEC,ICE_CHP,SAHP_P,WTM3310,133,798
*data,2-DR,QUEBEC,ICE_CHP,SAHP_S,SCS,133,798
*data,2-DR,QUEBEC,ICE_CHP,SAHP_S,SDHW,7,798
*data,2-DR,QUEBEC,ICE_CHP,SAHP_S,SE_CHP,133,798
*data,2-DR,QUEBEC,ICE_CHP,SAHP_S,WAM,122,798
*data,2-DR,QUEBEC,ICE_CHP,SAHP_S,WTM2010,118,798
*data,2-DR,QUEBEC,ICE_CHP,SAHP_S,WTM2100,118,798
*data,2-DR,QUEBEC,ICE_CHP,SAHP_S,WTM2110,118,798
*data,2-DR,QUEBEC,ICE_CHP,SAHP_S,WTM3000,133,798
*data,2-DR,QUEBEC,ICE_CHP,SAHP_S,WTM3200,133,798
*data,2-DR,QUEBEC,ICE_CHP,SAHP_S,WTM3210,133,798
*data,2-DR,QUEBEC,ICE_CHP,SAHP_S,WTM3310,133,798
*data,2-DR,QUEBEC,ICE_CHP,SCS,SDHW,7,798
*data,2-DR,QUEBEC,ICE_CHP,SCS,SE_CHP,133,798
*data,2-DR,QUEBEC,ICE_CHP,SCS,WAM,122,798
*data,2-DR,QUEBEC,ICE_CHP,SCS,WTM2010,118,798
*data,2-DR,QUEBEC,ICE_CHP,SCS,WTM2100,118,798
*data,2-DR,QUEBEC,ICE_CHP,SCS,WTM2110,118,798
*data,2-DR,QUEBEC,ICE_CHP,SCS,WTM3000,133,798
*data,2-DR,QUEBEC,ICE_CHP,SCS,WTM3200,133,798
*data,2-DR,QUEBEC,ICE_CHP,SCS,WTM3210,133,798
*data,2-DR,QUEBEC,ICE_CHP,SCS,WTM3310,133,798
*data,2-DR,QUEBEC,ICE_CHP,SDHW,SE_CHP,7,798
*data,2-DR,QUEBEC,ICE_CHP,SDHW,WAM,6,798
*data,2-DR,QUEBEC,ICE_CHP,SDHW,WTM2010,6,798
*data,2-DR,QUEBEC,ICE_CHP,SDHW,WTM2100,6,798
*data,2-DR,QUEBEC,ICE_CHP,SDHW,WTM2110,6,798
*data,2-DR,QUEBEC,ICE_CHP,SDHW,WTM3000,7,798
*data,2-DR,QUEBEC,ICE_CHP,SDHW,WTM3200,7,798
*data,2-DR,QUEBEC,ICE_CHP,SDHW,WTM3210,7,798
*data,2-DR,QUEBEC,ICE_CHP,SDHW,WTM3310,7,798
*data,2-DR,QUEBEC,ICE_CHP,SE_CHP,WAM,131,798
*data,2-DR,QUEBEC,ICE_CHP,SE_CHP,WTM2010,137,798
*data,2-DR,QUEBEC,ICE_CHP,SE_CHP,WTM2100,137,798
*data,2-DR,QUEBEC,ICE_CHP,SE_CHP,WTM2110,137,798
*data,2-DR,QUEBEC,ICE_CHP,SE_CHP,WTM3000,156,798
*data,2-DR,QUEBEC,ICE_CHP,SE_CHP,WTM3200,156,798
*data,2-DR,QUEBEC,ICE_CHP,SE_CHP,WTM3210,156,798
*data,2-DR,QUEBEC,ICE_CHP,SE_CHP,WTM3310,156,798
*data,2-DR,QUEBEC,ICE_CHP,WAM,WTM2010,117,798
*data,2-DR,QUEBEC,ICE_CHP,WAM,WTM2100,117,798
*data,2-DR,QUEBEC,ICE_CHP,WAM,WTM2110,117,798
*data,2-DR,QUEBEC,ICE_CHP,WAM,WTM3000,131,798
*data,2-DR,QUEBEC,ICE_CHP,WAM,WTM3200,131,798
*data,2-DR,QUEBEC,ICE_CHP,WAM,WTM3210,131,798
*data,2-DR,QUEBEC,ICE_CHP,WAM,WTM3310,131,798
*data,2-DR,QUEBEC,ICE_CHP,WTM2010,WTM2100,137,798
*data,2-DR,QUEBEC,ICE_CHP,WTM2010,WTM2110,137,798
*data,2-DR,QUEBEC,ICE_CHP,WTM2010,WTM3000,137,798
*data,2-DR,QUEBEC,ICE_CHP,WTM2010,WTM3200,137,798
*data,2-DR,QUEBEC,ICE_CHP,WTM2010,WTM3210,137,798
*data,2-DR,QUEBEC,ICE_CHP,WTM2010,WTM3310,137,798
*data,2-DR,QUEBEC,ICE_CHP,WTM2100,WTM2110,137,798
*data,2-DR,QUEBEC,ICE_CHP,WTM2100,WTM3000,137,798
*data,2-DR,QUEBEC,ICE_CHP,WTM2100,WTM3200,137,798
*data,2-DR,QUEBEC,ICE_CHP,WTM2100,WTM3210,137,798
*data,2-DR,QUEBEC,ICE_CHP,WTM2100,WTM3310,137,798
*data,2-DR,QUEBEC,ICE_CHP,WTM2110,WTM3000,137,798
*data,2-DR,QUEBEC,ICE_CHP,WTM2110,WTM3200,137,798
*data,2-DR,QUEBEC,ICE_CHP,WTM2110,WTM3210,137,798
*data,2-DR,QUEBEC,ICE_CHP,WTM2110,WTM3310,137,798
*data,2-DR,QUEBEC,ICE_CHP,WTM3000,WTM3200,156,798
*data,2-DR,QUEBEC,ICE_CHP,WTM3000,WTM3210,156,798
*data,2-DR,QUEBEC,ICE_CHP,WTM3000,WTM3310,156,798
*data,2-DR,QUEBEC,ICE_CHP,WTM3200,WTM3210,156,798
*data,2-DR,QUEBEC,ICE_CHP,WTM3200,WTM3310,156,798
*data,2-DR,QUEBEC,ICE_CHP,WTM3210,WTM3310,156,798
*data,2-DR,QUEBEC,PCM,0,0,640,798
*data,2-DR,QUEBEC,PCM,PV,0,67,798
*data,2-DR,QUEBEC,PCM,SAHP_P,0,107,798
*data,2-DR,QUEBEC,PCM,SAHP_S,0,107,798
*data,2-DR,QUEBEC,PCM,SCS,0,107,798
*data,2-DR,QUEBEC,PCM,SDHW,0,67,798
*data,2-DR,QUEBEC,PCM,SE_CHP,0,129,798
*data,2-DR,QUEBEC,PCM,WAM,0,507,798
*data,2-DR,QUEBEC,PCM,WTM2010,0,560,798
*data,2-DR,QUEBEC,PCM,WTM2100,0,560,798
*data,2-DR,QUEBEC,PCM,WTM2110,0,560,798
*data,2-DR,QUEBEC,PCM,WTM3000,0,636,798
*data,2-DR,QUEBEC,PCM,WTM3200,0,637,798
*data,2-DR,QUEBEC,PCM,WTM3210,0,640,798
*data,2-DR,QUEBEC,PCM,WTM3310,0,640,798
*data,2-DR,QUEBEC,PCM,PV,SAHP_P,6,798
*data,2-DR,QUEBEC,PCM,PV,SAHP_S,6,798
*data,2-DR,QUEBEC,PCM,PV,SCS,6,798
*data,2-DR,QUEBEC,PCM,PV,SDHW,67,798
*data,2-DR,QUEBEC,PCM,PV,SE_CHP,6,798
*data,2-DR,QUEBEC,PCM,PV,WAM,62,798
*data,2-DR,QUEBEC,PCM,PV,WTM2010,58,798
*data,2-DR,QUEBEC,PCM,PV,WTM2100,58,798
*data,2-DR,QUEBEC,PCM,PV,WTM2110,58,798
*data,2-DR,QUEBEC,PCM,PV,WTM3000,66,798
*data,2-DR,QUEBEC,PCM,PV,WTM3200,66,798
*data,2-DR,QUEBEC,PCM,PV,WTM3210,67,798
*data,2-DR,QUEBEC,PCM,PV,WTM3310,67,798
*data,2-DR,QUEBEC,PCM,SAHP_P,SAHP_S,107,798
*data,2-DR,QUEBEC,PCM,SAHP_P,SCS,107,798
*data,2-DR,QUEBEC,PCM,SAHP_P,SDHW,6,798
*data,2-DR,QUEBEC,PCM,SAHP_P,SE_CHP,107,798
*data,2-DR,QUEBEC,PCM,SAHP_P,WAM,101,798
*data,2-DR,QUEBEC,PCM,SAHP_P,WTM2010,94,798
*data,2-DR,QUEBEC,PCM,SAHP_P,WTM2100,94,798
*data,2-DR,QUEBEC,PCM,SAHP_P,WTM2110,94,798
*data,2-DR,QUEBEC,PCM,SAHP_P,WTM3000,107,798
*data,2-DR,QUEBEC,PCM,SAHP_P,WTM3200,107,798
*data,2-DR,QUEBEC,PCM,SAHP_P,WTM3210,107,798
*data,2-DR,QUEBEC,PCM,SAHP_P,WTM3310,107,798
*data,2-DR,QUEBEC,PCM,SAHP_S,SCS,107,798
*data,2-DR,QUEBEC,PCM,SAHP_S,SDHW,6,798
*data,2-DR,QUEBEC,PCM,SAHP_S,SE_CHP,107,798
*data,2-DR,QUEBEC,PCM,SAHP_S,WAM,101,798
*data,2-DR,QUEBEC,PCM,SAHP_S,WTM2010,94,798
*data,2-DR,QUEBEC,PCM,SAHP_S,WTM2100,94,798
*data,2-DR,QUEBEC,PCM,SAHP_S,WTM2110,94,798
*data,2-DR,QUEBEC,PCM,SAHP_S,WTM3000,107,798
*data,2-DR,QUEBEC,PCM,SAHP_S,WTM3200,107,798
*data,2-DR,QUEBEC,PCM,SAHP_S,WTM3210,107,798
*data,2-DR,QUEBEC,PCM,SAHP_S,WTM3310,107,798
*data,2-DR,QUEBEC,PCM,SCS,SDHW,6,798
*data,2-DR,QUEBEC,PCM,SCS,SE_CHP,107,798
*data,2-DR,QUEBEC,PCM,SCS,WAM,101,798
*data,2-DR,QUEBEC,PCM,SCS,WTM2010,94,798
*data,2-DR,QUEBEC,PCM,SCS,WTM2100,94,798
*data,2-DR,QUEBEC,PCM,SCS,WTM2110,94,798
*data,2-DR,QUEBEC,PCM,SCS,WTM3000,107,798
*data,2-DR,QUEBEC,PCM,SCS,WTM3200,107,798
*data,2-DR,QUEBEC,PCM,SCS,WTM3210,107,798
*data,2-DR,QUEBEC,PCM,SCS,WTM3310,107,798
*data,2-DR,QUEBEC,PCM,SDHW,SE_CHP,6,798
*data,2-DR,QUEBEC,PCM,SDHW,WAM,62,798
*data,2-DR,QUEBEC,PCM,SDHW,WTM2010,58,798
*data,2-DR,QUEBEC,PCM,SDHW,WTM2100,58,798
*data,2-DR,QUEBEC,PCM,SDHW,WTM2110,58,798
*data,2-DR,QUEBEC,PCM,SDHW,WTM3000,66,798
*data,2-DR,QUEBEC,PCM,SDHW,WTM3200,66,798
*data,2-DR,QUEBEC,PCM,SDHW,WTM3210,67,798
*data,2-DR,QUEBEC,PCM,SDHW,WTM3310,67,798
*data,2-DR,QUEBEC,PCM,SE_CHP,WAM,110,798
*data,2-DR,QUEBEC,PCM,SE_CHP,WTM2010,112,798
*data,2-DR,QUEBEC,PCM,SE_CHP,WTM2100,112,798
*data,2-DR,QUEBEC,PCM,SE_CHP,WTM2110,112,798
*data,2-DR,QUEBEC,PCM,SE_CHP,WTM3000,129,798
*data,2-DR,QUEBEC,PCM,SE_CHP,WTM3200,129,798
*data,2-DR,QUEBEC,PCM,SE_CHP,WTM3210,129,798
*data,2-DR,QUEBEC,PCM,SE_CHP,WTM3310,129,798
*data,2-DR,QUEBEC,PCM,WAM,WTM2010,447,798
*data,2-DR,QUEBEC,PCM,WAM,WTM2100,447,798
*data,2-DR,QUEBEC,PCM,WAM,WTM2110,447,798
*data,2-DR,QUEBEC,PCM,WAM,WTM3000,505,798
*data,2-DR,QUEBEC,PCM,WAM,WTM3200,505,798
*data,2-DR,QUEBEC,PCM,WAM,WTM3210,507,798
*data,2-DR,QUEBEC,PCM,WAM,WTM3310,507,798
*data,2-DR,QUEBEC,PCM,WTM2010,WTM2100,560,798
*data,2-DR,QUEBEC,PCM,WTM2010,WTM2110,560,798
*data,2-DR,QUEBEC,PCM,WTM2010,WTM3000,560,798
*data,2-DR,QUEBEC,PCM,WTM2010,WTM3200,560,798
*data,2-DR,QUEBEC,PCM,WTM2010,WTM3210,560,798
*data,2-DR,QUEBEC,PCM,WTM2010,WTM3310,560,798
*data,2-DR,QUEBEC,PCM,WTM2100,WTM2110,560,798
*data,2-DR,QUEBEC,PCM,WTM2100,WTM3000,560,798
*data,2-DR,QUEBEC,PCM,WTM2100,WTM3200,560,798
*data,2-DR,QUEBEC,PCM,WTM2100,WTM3210,560,798
*data,2-DR,QUEBEC,PCM,WTM2100,WTM3310,560,798
*data,2-DR,QUEBEC,PCM,WTM2110,WTM3000,560,798
*data,2-DR,QUEBEC,PCM,WTM2110,WTM3200,560,798
*data,2-DR,QUEBEC,PCM,WTM2110,WTM3210,560,798
*data,2-DR,QUEBEC,PCM,WTM2110,WTM3310,560,798
*data,2-DR,QUEBEC,PCM,WTM3000,WTM3200,636,798
*data,2-DR,QUEBEC,PCM,WTM3000,WTM3210,636,798
*data,2-DR,QUEBEC,PCM,WTM3000,WTM3310,636,798
*data,2-DR,QUEBEC,PCM,WTM3200,WTM3210,637,798
*data,2-DR,QUEBEC,PCM,WTM3200,WTM3310,637,798
*data,2-DR,QUEBEC,PCM,WTM3210,WTM3310,640,798
*data,2-DR,QUEBEC,PV,0,0,91,798
*data,2-DR,QUEBEC,PV,SAHP_P,0,7,798
*data,2-DR,QUEBEC,PV,SAHP_S,0,7,798
*data,2-DR,QUEBEC,PV,SCS,0,7,798
*data,2-DR,QUEBEC,PV,SDHW,0,91,798
*data,2-DR,QUEBEC,PV,SE_CHP,0,7,798
*data,2-DR,QUEBEC,PV,WAM,0,83,798
*data,2-DR,QUEBEC,PV,WTM2010,0,81,798
*data,2-DR,QUEBEC,PV,WTM2100,0,81,798
*data,2-DR,QUEBEC,PV,WTM2110,0,81,798
*data,2-DR,QUEBEC,PV,WTM3000,0,90,798
*data,2-DR,QUEBEC,PV,WTM3200,0,90,798
*data,2-DR,QUEBEC,PV,WTM3210,0,91,798
*data,2-DR,QUEBEC,PV,WTM3310,0,91,798
*data,2-DR,QUEBEC,PV,SAHP_P,SAHP_S,7,798
*data,2-DR,QUEBEC,PV,SAHP_P,SCS,7,798
*data,2-DR,QUEBEC,PV,SAHP_P,SDHW,7,798
*data,2-DR,QUEBEC,PV,SAHP_P,SE_CHP,7,798
*data,2-DR,QUEBEC,PV,SAHP_P,WAM,6,798
*data,2-DR,QUEBEC,PV,SAHP_P,WTM2010,6,798
*data,2-DR,QUEBEC,PV,SAHP_P,WTM2100,6,798
*data,2-DR,QUEBEC,PV,SAHP_P,WTM2110,6,798
*data,2-DR,QUEBEC,PV,SAHP_P,WTM3000,7,798
*data,2-DR,QUEBEC,PV,SAHP_P,WTM3200,7,798
*data,2-DR,QUEBEC,PV,SAHP_P,WTM3210,7,798
*data,2-DR,QUEBEC,PV,SAHP_P,WTM3310,7,798
*data,2-DR,QUEBEC,PV,SAHP_S,SCS,7,798
*data,2-DR,QUEBEC,PV,SAHP_S,SDHW,7,798
*data,2-DR,QUEBEC,PV,SAHP_S,SE_CHP,7,798
*data,2-DR,QUEBEC,PV,SAHP_S,WAM,6,798
*data,2-DR,QUEBEC,PV,SAHP_S,WTM2010,6,798
*data,2-DR,QUEBEC,PV,SAHP_S,WTM2100,6,798
*data,2-DR,QUEBEC,PV,SAHP_S,WTM2110,6,798
*data,2-DR,QUEBEC,PV,SAHP_S,WTM3000,7,798
*data,2-DR,QUEBEC,PV,SAHP_S,WTM3200,7,798
*data,2-DR,QUEBEC,PV,SAHP_S,WTM3210,7,798
*data,2-DR,QUEBEC,PV,SAHP_S,WTM3310,7,798
*data,2-DR,QUEBEC,PV,SCS,SDHW,7,798
*data,2-DR,QUEBEC,PV,SCS,SE_CHP,7,798
*data,2-DR,QUEBEC,PV,SCS,WAM,6,798
*data,2-DR,QUEBEC,PV,SCS,WTM2010,6,798
*data,2-DR,QUEBEC,PV,SCS,WTM2100,6,798
*data,2-DR,QUEBEC,PV,SCS,WTM2110,6,798
*data,2-DR,QUEBEC,PV,SCS,WTM3000,7,798
*data,2-DR,QUEBEC,PV,SCS,WTM3200,7,798
*data,2-DR,QUEBEC,PV,SCS,WTM3210,7,798
*data,2-DR,QUEBEC,PV,SCS,WTM3310,7,798
*data,2-DR,QUEBEC,PV,SDHW,SE_CHP,7,798
*data,2-DR,QUEBEC,PV,SDHW,WAM,83,798
*data,2-DR,QUEBEC,PV,SDHW,WTM2010,81,798
*data,2-DR,QUEBEC,PV,SDHW,WTM2100,81,798
*data,2-DR,QUEBEC,PV,SDHW,WTM2110,81,798
*data,2-DR,QUEBEC,PV,SDHW,WTM3000,90,798
*data,2-DR,QUEBEC,PV,SDHW,WTM3200,90,798
*data,2-DR,QUEBEC,PV,SDHW,WTM3210,91,798
*data,2-DR,QUEBEC,PV,SDHW,WTM3310,91,798
*data,2-DR,QUEBEC,PV,SE_CHP,WAM,6,798
*data,2-DR,QUEBEC,PV,SE_CHP,WTM2010,6,798
*data,2-DR,QUEBEC,PV,SE_CHP,WTM2100,6,798
*data,2-DR,QUEBEC,PV,SE_CHP,WTM2110,6,798
*data,2-DR,QUEBEC,PV,SE_CHP,WTM3000,7,798
*data,2-DR,QUEBEC,PV,SE_CHP,WTM3200,7,798
*data,2-DR,QUEBEC,PV,SE_CHP,WTM3210,7,798
*data,2-DR,QUEBEC,PV,SE_CHP,WTM3310,7,798
*data,2-DR,QUEBEC,PV,WAM,WTM2010,73,798
*data,2-DR,QUEBEC,PV,WAM,WTM2100,73,798
*data,2-DR,QUEBEC,PV,WAM,WTM2110,73,798
*data,2-DR,QUEBEC,PV,WAM,WTM3000,82,798
*data,2-DR,QUEBEC,PV,WAM,WTM3200,82,798
*data,2-DR,QUEBEC,PV,WAM,WTM3210,83,798
*data,2-DR,QUEBEC,PV,WAM,WTM3310,83,798
*data,2-DR,QUEBEC,PV,WTM2010,WTM2100,81,798
*data,2-DR,QUEBEC,PV,WTM2010,WTM2110,81,798
*data,2-DR,QUEBEC,PV,WTM2010,WTM3000,81,798
*data,2-DR,QUEBEC,PV,WTM2010,WTM3200,81,798
*data,2-DR,QUEBEC,PV,WTM2010,WTM3210,81,798
*data,2-DR,QUEBEC,PV,WTM2010,WTM3310,81,798
*data,2-DR,QUEBEC,PV,WTM2100,WTM2110,81,798
*data,2-DR,QUEBEC,PV,WTM2100,WTM3000,81,798
*data,2-DR,QUEBEC,PV,WTM2100,WTM3200,81,798
*data,2-DR,QUEBEC,PV,WTM2100,WTM3210,81,798
*data,2-DR,QUEBEC,PV,WTM2100,WTM3310,81,798
*data,2-DR,QUEBEC,PV,WTM2110,WTM3000,81,798
*data,2-DR,QUEBEC,PV,WTM2110,WTM3200,81,798
*data,2-DR,QUEBEC,PV,WTM2110,WTM3210,81,798
*data,2-DR,QUEBEC,PV,WTM2110,WTM3310,81,798
*data,2-DR,QUEBEC,PV,WTM3000,WTM3200,90,798
*data,2-DR,QUEBEC,PV,WTM3000,WTM3210,90,798
*data,2-DR,QUEBEC,PV,WTM3000,WTM3310,90,798
*data,2-DR,QUEBEC,PV,WTM3200,WTM3210,90,798
*data,2-DR,QUEBEC,PV,WTM3200,WTM3310,90,798
*data,2-DR,QUEBEC,PV,WTM3210,WTM3310,91,798
*data,2-DR,QUEBEC,SAHP_P,0,0,133,798
*data,2-DR,QUEBEC,SAHP_P,SAHP_S,0,133,798
*data,2-DR,QUEBEC,SAHP_P,SCS,0,133,798
*data,2-DR,QUEBEC,SAHP_P,SDHW,0,7,798
*data,2-DR,QUEBEC,SAHP_P,SE_CHP,0,133,798
*data,2-DR,QUEBEC,SAHP_P,WAM,0,122,798
*data,2-DR,QUEBEC,SAHP_P,WTM2010,0,118,798
*data,2-DR,QUEBEC,SAHP_P,WTM2100,0,118,798
*data,2-DR,QUEBEC,SAHP_P,WTM2110,0,118,798
*data,2-DR,QUEBEC,SAHP_P,WTM3000,0,133,798
*data,2-DR,QUEBEC,SAHP_P,WTM3200,0,133,798
*data,2-DR,QUEBEC,SAHP_P,WTM3210,0,133,798
*data,2-DR,QUEBEC,SAHP_P,WTM3310,0,133,798
*data,2-DR,QUEBEC,SAHP_P,SAHP_S,SCS,133,798
*data,2-DR,QUEBEC,SAHP_P,SAHP_S,SDHW,7,798
*data,2-DR,QUEBEC,SAHP_P,SAHP_S,SE_CHP,133,798
*data,2-DR,QUEBEC,SAHP_P,SAHP_S,WAM,122,798
*data,2-DR,QUEBEC,SAHP_P,SAHP_S,WTM2010,118,798
*data,2-DR,QUEBEC,SAHP_P,SAHP_S,WTM2100,118,798
*data,2-DR,QUEBEC,SAHP_P,SAHP_S,WTM2110,118,798
*data,2-DR,QUEBEC,SAHP_P,SAHP_S,WTM3000,133,798
*data,2-DR,QUEBEC,SAHP_P,SAHP_S,WTM3200,133,798
*data,2-DR,QUEBEC,SAHP_P,SAHP_S,WTM3210,133,798
*data,2-DR,QUEBEC,SAHP_P,SAHP_S,WTM3310,133,798
*data,2-DR,QUEBEC,SAHP_P,SCS,SDHW,7,798
*data,2-DR,QUEBEC,SAHP_P,SCS,SE_CHP,133,798
*data,2-DR,QUEBEC,SAHP_P,SCS,WAM,122,798
*data,2-DR,QUEBEC,SAHP_P,SCS,WTM2010,118,798
*data,2-DR,QUEBEC,SAHP_P,SCS,WTM2100,118,798
*data,2-DR,QUEBEC,SAHP_P,SCS,WTM2110,118,798
*data,2-DR,QUEBEC,SAHP_P,SCS,WTM3000,133,798
*data,2-DR,QUEBEC,SAHP_P,SCS,WTM3200,133,798
*data,2-DR,QUEBEC,SAHP_P,SCS,WTM3210,133,798
*data,2-DR,QUEBEC,SAHP_P,SCS,WTM3310,133,798
*data,2-DR,QUEBEC,SAHP_P,SDHW,SE_CHP,7,798
*data,2-DR,QUEBEC,SAHP_P,SDHW,WAM,6,798
*data,2-DR,QUEBEC,SAHP_P,SDHW,WTM2010,6,798
*data,2-DR,QUEBEC,SAHP_P,SDHW,WTM2100,6,798
*data,2-DR,QUEBEC,SAHP_P,SDHW,WTM2110,6,798
*data,2-DR,QUEBEC,SAHP_P,SDHW,WTM3000,7,798
*data,2-DR,QUEBEC,SAHP_P,SDHW,WTM3200,7,798
*data,2-DR,QUEBEC,SAHP_P,SDHW,WTM3210,7,798
*data,2-DR,QUEBEC,SAHP_P,SDHW,WTM3310,7,798
*data,2-DR,QUEBEC,SAHP_P,SE_CHP,WAM,122,798
*data,2-DR,QUEBEC,SAHP_P,SE_CHP,WTM2010,118,798
*data,2-DR,QUEBEC,SAHP_P,SE_CHP,WTM2100,118,798
*data,2-DR,QUEBEC,SAHP_P,SE_CHP,WTM2110,118,798
*data,2-DR,QUEBEC,SAHP_P,SE_CHP,WTM3000,133,798
*data,2-DR,QUEBEC,SAHP_P,SE_CHP,WTM3200,133,798
*data,2-DR,QUEBEC,SAHP_P,SE_CHP,WTM3210,133,798
*data,2-DR,QUEBEC,SAHP_P,SE_CHP,WTM3310,133,798
*data,2-DR,QUEBEC,SAHP_P,WAM,WTM2010,109,798
*data,2-DR,QUEBEC,SAHP_P,WAM,WTM2100,109,798
*data,2-DR,QUEBEC,SAHP_P,WAM,WTM2110,109,798
*data,2-DR,QUEBEC,SAHP_P,WAM,WTM3000,122,798
*data,2-DR,QUEBEC,SAHP_P,WAM,WTM3200,122,798
*data,2-DR,QUEBEC,SAHP_P,WAM,WTM3210,122,798
*data,2-DR,QUEBEC,SAHP_P,WAM,WTM3310,122,798
*data,2-DR,QUEBEC,SAHP_P,WTM2010,WTM2100,118,798
*data,2-DR,QUEBEC,SAHP_P,WTM2010,WTM2110,118,798
*data,2-DR,QUEBEC,SAHP_P,WTM2010,WTM3000,118,798
*data,2-DR,QUEBEC,SAHP_P,WTM2010,WTM3200,118,798
*data,2-DR,QUEBEC,SAHP_P,WTM2010,WTM3210,118,798
*data,2-DR,QUEBEC,SAHP_P,WTM2010,WTM3310,118,798
*data,2-DR,QUEBEC,SAHP_P,WTM2100,WTM2110,118,798
*data,2-DR,QUEBEC,SAHP_P,WTM2100,WTM3000,118,798
*data,2-DR,QUEBEC,SAHP_P,WTM2100,WTM3200,118,798
*data,2-DR,QUEBEC,SAHP_P,WTM2100,WTM3210,118,798
*data,2-DR,QUEBEC,SAHP_P,WTM2100,WTM3310,118,798
*data,2-DR,QUEBEC,SAHP_P,WTM2110,WTM3000,118,798
*data,2-DR,QUEBEC,SAHP_P,WTM2110,WTM3200,118,798
*data,2-DR,QUEBEC,SAHP_P,WTM2110,WTM3210,118,798
*data,2-DR,QUEBEC,SAHP_P,WTM2110,WTM3310,118,798
*data,2-DR,QUEBEC,SAHP_P,WTM3000,WTM3200,133,798
*data,2-DR,QUEBEC,SAHP_P,WTM3000,WTM3210,133,798
*data,2-DR,QUEBEC,SAHP_P,WTM3000,WTM3310,133,798
*data,2-DR,QUEBEC,SAHP_P,WTM3200,WTM3210,133,798
*data,2-DR,QUEBEC,SAHP_P,WTM3200,WTM3310,133,798
*data,2-DR,QUEBEC,SAHP_P,WTM3210,WTM3310,133,798
*data,2-DR,QUEBEC,SAHP_S,0,0,133,798
*data,2-DR,QUEBEC,SAHP_S,SCS,0,133,798
*data,2-DR,QUEBEC,SAHP_S,SDHW,0,7,798
*data,2-DR,QUEBEC,SAHP_S,SE_CHP,0,133,798
*data,2-DR,QUEBEC,SAHP_S,WAM,0,122,798
*data,2-DR,QUEBEC,SAHP_S,WTM2010,0,118,798
*data,2-DR,QUEBEC,SAHP_S,WTM2100,0,118,798
*data,2-DR,QUEBEC,SAHP_S,WTM2110,0,118,798
*data,2-DR,QUEBEC,SAHP_S,WTM3000,0,133,798
*data,2-DR,QUEBEC,SAHP_S,WTM3200,0,133,798
*data,2-DR,QUEBEC,SAHP_S,WTM3210,0,133,798
*data,2-DR,QUEBEC,SAHP_S,WTM3310,0,133,798
*data,2-DR,QUEBEC,SAHP_S,SCS,SDHW,7,798
*data,2-DR,QUEBEC,SAHP_S,SCS,SE_CHP,133,798
*data,2-DR,QUEBEC,SAHP_S,SCS,WAM,122,798
*data,2-DR,QUEBEC,SAHP_S,SCS,WTM2010,118,798
*data,2-DR,QUEBEC,SAHP_S,SCS,WTM2100,118,798
*data,2-DR,QUEBEC,SAHP_S,SCS,WTM2110,118,798
*data,2-DR,QUEBEC,SAHP_S,SCS,WTM3000,133,798
*data,2-DR,QUEBEC,SAHP_S,SCS,WTM3200,133,798
*data,2-DR,QUEBEC,SAHP_S,SCS,WTM3210,133,798
*data,2-DR,QUEBEC,SAHP_S,SCS,WTM3310,133,798
*data,2-DR,QUEBEC,SAHP_S,SDHW,SE_CHP,7,798
*data,2-DR,QUEBEC,SAHP_S,SDHW,WAM,6,798
*data,2-DR,QUEBEC,SAHP_S,SDHW,WTM2010,6,798
*data,2-DR,QUEBEC,SAHP_S,SDHW,WTM2100,6,798
*data,2-DR,QUEBEC,SAHP_S,SDHW,WTM2110,6,798
*data,2-DR,QUEBEC,SAHP_S,SDHW,WTM3000,7,798
*data,2-DR,QUEBEC,SAHP_S,SDHW,WTM3200,7,798
*data,2-DR,QUEBEC,SAHP_S,SDHW,WTM3210,7,798
*data,2-DR,QUEBEC,SAHP_S,SDHW,WTM3310,7,798
*data,2-DR,QUEBEC,SAHP_S,SE_CHP,WAM,122,798
*data,2-DR,QUEBEC,SAHP_S,SE_CHP,WTM2010,118,798
*data,2-DR,QUEBEC,SAHP_S,SE_CHP,WTM2100,118,798
*data,2-DR,QUEBEC,SAHP_S,SE_CHP,WTM2110,118,798
*data,2-DR,QUEBEC,SAHP_S,SE_CHP,WTM3000,133,798
*data,2-DR,QUEBEC,SAHP_S,SE_CHP,WTM3200,133,798
*data,2-DR,QUEBEC,SAHP_S,SE_CHP,WTM3210,133,798
*data,2-DR,QUEBEC,SAHP_S,SE_CHP,WTM3310,133,798
*data,2-DR,QUEBEC,SAHP_S,WAM,WTM2010,109,798
*data,2-DR,QUEBEC,SAHP_S,WAM,WTM2100,109,798
*data,2-DR,QUEBEC,SAHP_S,WAM,WTM2110,109,798
*data,2-DR,QUEBEC,SAHP_S,WAM,WTM3000,122,798
*data,2-DR,QUEBEC,SAHP_S,WAM,WTM3200,122,798
*data,2-DR,QUEBEC,SAHP_S,WAM,WTM3210,122,798
*data,2-DR,QUEBEC,SAHP_S,WAM,WTM3310,122,798
*data,2-DR,QUEBEC,SAHP_S,WTM2010,WTM2100,118,798
*data,2-DR,QUEBEC,SAHP_S,WTM2010,WTM2110,118,798
*data,2-DR,QUEBEC,SAHP_S,WTM2010,WTM3000,118,798
*data,2-DR,QUEBEC,SAHP_S,WTM2010,WTM3200,118,798
*data,2-DR,QUEBEC,SAHP_S,WTM2010,WTM3210,118,798
*data,2-DR,QUEBEC,SAHP_S,WTM2010,WTM3310,118,798
*data,2-DR,QUEBEC,SAHP_S,WTM2100,WTM2110,118,798
*data,2-DR,QUEBEC,SAHP_S,WTM2100,WTM3000,118,798
*data,2-DR,QUEBEC,SAHP_S,WTM2100,WTM3200,118,798
*data,2-DR,QUEBEC,SAHP_S,WTM2100,WTM3210,118,798
*data,2-DR,QUEBEC,SAHP_S,WTM2100,WTM3310,118,798
*data,2-DR,QUEBEC,SAHP_S,WTM2110,WTM3000,118,798
*data,2-DR,QUEBEC,SAHP_S,WTM2110,WTM3200,118,798
*data,2-DR,QUEBEC,SAHP_S,WTM2110,WTM3210,118,798
*data,2-DR,QUEBEC,SAHP_S,WTM2110,WTM3310,118,798
*data,2-DR,QUEBEC,SAHP_S,WTM3000,WTM3200,133,798
*data,2-DR,QUEBEC,SAHP_S,WTM3000,WTM3210,133,798
*data,2-DR,QUEBEC,SAHP_S,WTM3000,WTM3310,133,798
*data,2-DR,QUEBEC,SAHP_S,WTM3200,WTM3210,133,798
*data,2-DR,QUEBEC,SAHP_S,WTM3200,WTM3310,133,798
*data,2-DR,QUEBEC,SAHP_S,WTM3210,WTM3310,133,798
*data,2-DR,QUEBEC,SCS,0,0,133,798
*data,2-DR,QUEBEC,SCS,SDHW,0,7,798
*data,2-DR,QUEBEC,SCS,SE_CHP,0,133,798
*data,2-DR,QUEBEC,SCS,WAM,0,122,798
*data,2-DR,QUEBEC,SCS,WTM2010,0,118,798
*data,2-DR,QUEBEC,SCS,WTM2100,0,118,798
*data,2-DR,QUEBEC,SCS,WTM2110,0,118,798
*data,2-DR,QUEBEC,SCS,WTM3000,0,133,798
*data,2-DR,QUEBEC,SCS,WTM3200,0,133,798
*data,2-DR,QUEBEC,SCS,WTM3210,0,133,798
*data,2-DR,QUEBEC,SCS,WTM3310,0,133,798
*data,2-DR,QUEBEC,SCS,SDHW,SE_CHP,7,798
*data,2-DR,QUEBEC,SCS,SDHW,WAM,6,798
*data,2-DR,QUEBEC,SCS,SDHW,WTM2010,6,798
*data,2-DR,QUEBEC,SCS,SDHW,WTM2100,6,798
*data,2-DR,QUEBEC,SCS,SDHW,WTM2110,6,798
*data,2-DR,QUEBEC,SCS,SDHW,WTM3000,7,798
*data,2-DR,QUEBEC,SCS,SDHW,WTM3200,7,798
*data,2-DR,QUEBEC,SCS,SDHW,WTM3210,7,798
*data,2-DR,QUEBEC,SCS,SDHW,WTM3310,7,798
*data,2-DR,QUEBEC,SCS,SE_CHP,WAM,122,798
*data,2-DR,QUEBEC,SCS,SE_CHP,WTM2010,118,798
*data,2-DR,QUEBEC,SCS,SE_CHP,WTM2100,118,798
*data,2-DR,QUEBEC,SCS,SE_CHP,WTM2110,118,798
*data,2-DR,QUEBEC,SCS,SE_CHP,WTM3000,133,798
*data,2-DR,QUEBEC,SCS,SE_CHP,WTM3200,133,798
*data,2-DR,QUEBEC,SCS,SE_CHP,WTM3210,133,798
*data,2-DR,QUEBEC,SCS,SE_CHP,WTM3310,133,798
*data,2-DR,QUEBEC,SCS,WAM,WTM2010,109,798
*data,2-DR,QUEBEC,SCS,WAM,WTM2100,109,798
*data,2-DR,QUEBEC,SCS,WAM,WTM2110,109,798
*data,2-DR,QUEBEC,SCS,WAM,WTM3000,122,798
*data,2-DR,QUEBEC,SCS,WAM,WTM3200,122,798
*data,2-DR,QUEBEC,SCS,WAM,WTM3210,122,798
*data,2-DR,QUEBEC,SCS,WAM,WTM3310,122,798
*data,2-DR,QUEBEC,SCS,WTM2010,WTM2100,118,798
*data,2-DR,QUEBEC,SCS,WTM2010,WTM2110,118,798
*data,2-DR,QUEBEC,SCS,WTM2010,WTM3000,118,798
*data,2-DR,QUEBEC,SCS,WTM2010,WTM3200,118,798
*data,2-DR,QUEBEC,SCS,WTM2010,WTM3210,118,798
*data,2-DR,QUEBEC,SCS,WTM2010,WTM3310,118,798
*data,2-DR,QUEBEC,SCS,WTM2100,WTM2110,118,798
*data,2-DR,QUEBEC,SCS,WTM2100,WTM3000,118,798
*data,2-DR,QUEBEC,SCS,WTM2100,WTM3200,118,798
*data,2-DR,QUEBEC,SCS,WTM2100,WTM3210,118,798
*data,2-DR,QUEBEC,SCS,WTM2100,WTM3310,118,798
*data,2-DR,QUEBEC,SCS,WTM2110,WTM3000,118,798
*data,2-DR,QUEBEC,SCS,WTM2110,WTM3200,118,798
*data,2-DR,QUEBEC,SCS,WTM2110,WTM3210,118,798
*data,2-DR,QUEBEC,SCS,WTM2110,WTM3310,118,798
*data,2-DR,QUEBEC,SCS,WTM3000,WTM3200,133,798
*data,2-DR,QUEBEC,SCS,WTM3000,WTM3210,133,798
*data,2-DR,QUEBEC,SCS,WTM3000,WTM3310,133,798
*data,2-DR,QUEBEC,SCS,WTM3200,WTM3210,133,798
*data,2-DR,QUEBEC,SCS,WTM3200,WTM3310,133,798
*data,2-DR,QUEBEC,SCS,WTM3210,WTM3310,133,798
*data,2-DR,QUEBEC,SDHW,0,0,91,798
*data,2-DR,QUEBEC,SDHW,SE_CHP,0,7,798
*data,2-DR,QUEBEC,SDHW,WAM,0,83,798
*data,2-DR,QUEBEC,SDHW,WTM2010,0,81,798
*data,2-DR,QUEBEC,SDHW,WTM2100,0,81,798
*data,2-DR,QUEBEC,SDHW,WTM2110,0,81,798
*data,2-DR,QUEBEC,SDHW,WTM3000,0,90,798
*data,2-DR,QUEBEC,SDHW,WTM3200,0,90,798
*data,2-DR,QUEBEC,SDHW,WTM3210,0,91,798
*data,2-DR,QUEBEC,SDHW,WTM3310,0,91,798
*data,2-DR,QUEBEC,SDHW,SE_CHP,WAM,6,798
*data,2-DR,QUEBEC,SDHW,SE_CHP,WTM2010,6,798
*data,2-DR,QUEBEC,SDHW,SE_CHP,WTM2100,6,798
*data,2-DR,QUEBEC,SDHW,SE_CHP,WTM2110,6,798
*data,2-DR,QUEBEC,SDHW,SE_CHP,WTM3000,7,798
*data,2-DR,QUEBEC,SDHW,SE_CHP,WTM3200,7,798
*data,2-DR,QUEBEC,SDHW,SE_CHP,WTM3210,7,798
*data,2-DR,QUEBEC,SDHW,SE_CHP,WTM3310,7,798
*data,2-DR,QUEBEC,SDHW,WAM,WTM2010,73,798
*data,2-DR,QUEBEC,SDHW,WAM,WTM2100,73,798
*data,2-DR,QUEBEC,SDHW,WAM,WTM2110,73,798
*data,2-DR,QUEBEC,SDHW,WAM,WTM3000,82,798
*data,2-DR,QUEBEC,SDHW,WAM,WTM3200,82,798
*data,2-DR,QUEBEC,SDHW,WAM,WTM3210,83,798
*data,2-DR,QUEBEC,SDHW,WAM,WTM3310,83,798
*data,2-DR,QUEBEC,SDHW,WTM2010,WTM2100,81,798
*data,2-DR,QUEBEC,SDHW,WTM2010,WTM2110,81,798
*data,2-DR,QUEBEC,SDHW,WTM2010,WTM3000,81,798
*data,2-DR,QUEBEC,SDHW,WTM2010,WTM3200,81,798
*data,2-DR,QUEBEC,SDHW,WTM2010,WTM3210,81,798
*data,2-DR,QUEBEC,SDHW,WTM2010,WTM3310,81,798
*data,2-DR,QUEBEC,SDHW,WTM2100,WTM2110,81,798
*data,2-DR,QUEBEC,SDHW,WTM2100,WTM3000,81,798
*data,2-DR,QUEBEC,SDHW,WTM2100,WTM3200,81,798
*data,2-DR,QUEBEC,SDHW,WTM2100,WTM3210,81,798
*data,2-DR,QUEBEC,SDHW,WTM2100,WTM3310,81,798
*data,2-DR,QUEBEC,SDHW,WTM2110,WTM3000,81,798
*data,2-DR,QUEBEC,SDHW,WTM2110,WTM3200,81,798
*data,2-DR,QUEBEC,SDHW,WTM2110,WTM3210,81,798
*data,2-DR,QUEBEC,SDHW,WTM2110,WTM3310,81,798
*data,2-DR,QUEBEC,SDHW,WTM3000,WTM3200,90,798
*data,2-DR,QUEBEC,SDHW,WTM3000,WTM3210,90,798
*data,2-DR,QUEBEC,SDHW,WTM3000,WTM3310,90,798
*data,2-DR,QUEBEC,SDHW,WTM3200,WTM3210,90,798
*data,2-DR,QUEBEC,SDHW,WTM3200,WTM3310,90,798
*data,2-DR,QUEBEC,SDHW,WTM3210,WTM3310,91,798
*data,2-DR,QUEBEC,SE_CHP,0,0,156,798
*data,2-DR,QUEBEC,SE_CHP,WAM,0,131,798
*data,2-DR,QUEBEC,SE_CHP,WTM2010,0,137,798
*data,2-DR,QUEBEC,SE_CHP,WTM2100,0,137,798
*data,2-DR,QUEBEC,SE_CHP,WTM2110,0,137,798
*data,2-DR,QUEBEC,SE_CHP,WTM3000,0,156,798
*data,2-DR,QUEBEC,SE_CHP,WTM3200,0,156,798
*data,2-DR,QUEBEC,SE_CHP,WTM3210,0,156,798
*data,2-DR,QUEBEC,SE_CHP,WTM3310,0,156,798
*data,2-DR,QUEBEC,SE_CHP,WAM,WTM2010,117,798
*data,2-DR,QUEBEC,SE_CHP,WAM,WTM2100,117,798
*data,2-DR,QUEBEC,SE_CHP,WAM,WTM2110,117,798
*data,2-DR,QUEBEC,SE_CHP,WAM,WTM3000,131,798
*data,2-DR,QUEBEC,SE_CHP,WAM,WTM3200,131,798
*data,2-DR,QUEBEC,SE_CHP,WAM,WTM3210,131,798
*data,2-DR,QUEBEC,SE_CHP,WAM,WTM3310,131,798
*data,2-DR,QUEBEC,SE_CHP,WTM2010,WTM2100,137,798
*data,2-DR,QUEBEC,SE_CHP,WTM2010,WTM2110,137,798
*data,2-DR,QUEBEC,SE_CHP,WTM2010,WTM3000,137,798
*data,2-DR,QUEBEC,SE_CHP,WTM2010,WTM3200,137,798
*data,2-DR,QUEBEC,SE_CHP,WTM2010,WTM3210,137,798
*data,2-DR,QUEBEC,SE_CHP,WTM2010,WTM3310,137,798
*data,2-DR,QUEBEC,SE_CHP,WTM2100,WTM2110,137,798
*data,2-DR,QUEBEC,SE_CHP,WTM2100,WTM3000,137,798
*data,2-DR,QUEBEC,SE_CHP,WTM2100,WTM3200,137,798
*data,2-DR,QUEBEC,SE_CHP,WTM2100,WTM3210,137,798
*data,2-DR,QUEBEC,SE_CHP,WTM2100,WTM3310,137,798
*data,2-DR,QUEBEC,SE_CHP,WTM2110,WTM3000,137,798
*data,2-DR,QUEBEC,SE_CHP,WTM2110,WTM3200,137,798
*data,2-DR,QUEBEC,SE_CHP,WTM2110,WTM3210,137,798
*data,2-DR,QUEBEC,SE_CHP,WTM2110,WTM3310,137,798
*data,2-DR,QUEBEC,SE_CHP,WTM3000,WTM3200,156,798
*data,2-DR,QUEBEC,SE_CHP,WTM3000,WTM3210,156,798
*data,2-DR,QUEBEC,SE_CHP,WTM3000,WTM3310,156,798
*data,2-DR,QUEBEC,SE_CHP,WTM3200,WTM3210,156,798
*data,2-DR,QUEBEC,SE_CHP,WTM3200,WTM3310,156,798
*data,2-DR,QUEBEC,SE_CHP,WTM3210,WTM3310,156,798
*data,2-DR,QUEBEC,WAM,0,0,628,798
*data,2-DR,QUEBEC,WAM,WTM2010,0,550,798
*data,2-DR,QUEBEC,WAM,WTM2100,0,550,798
*data,2-DR,QUEBEC,WAM,WTM2110,0,550,798
*data,2-DR,QUEBEC,WAM,WTM3000,0,625,798
*data,2-DR,QUEBEC,WAM,WTM3200,0,626,798
*data,2-DR,QUEBEC,WAM,WTM3210,0,628,798
*data,2-DR,QUEBEC,WAM,WTM3310,0,628,798
*data,2-DR,QUEBEC,WAM,WTM2010,WTM2100,550,798
*data,2-DR,QUEBEC,WAM,WTM2010,WTM2110,550,798
*data,2-DR,QUEBEC,WAM,WTM2010,WTM3000,550,798
*data,2-DR,QUEBEC,WAM,WTM2010,WTM3200,550,798
*data,2-DR,QUEBEC,WAM,WTM2010,WTM3210,550,798
*data,2-DR,QUEBEC,WAM,WTM2010,WTM3310,550,798
*data,2-DR,QUEBEC,WAM,WTM2100,WTM2110,550,798
*data,2-DR,QUEBEC,WAM,WTM2100,WTM3000,550,798
*data,2-DR,QUEBEC,WAM,WTM2100,WTM3200,550,798
*data,2-DR,QUEBEC,WAM,WTM2100,WTM3210,550,798
*data,2-DR,QUEBEC,WAM,WTM2100,WTM3310,550,798
*data,2-DR,QUEBEC,WAM,WTM2110,WTM3000,550,798
*data,2-DR,QUEBEC,WAM,WTM2110,WTM3200,550,798
*data,2-DR,QUEBEC,WAM,WTM2110,WTM3210,550,798
*data,2-DR,QUEBEC,WAM,WTM2110,WTM3310,550,798
*data,2-DR,QUEBEC,WAM,WTM3000,WTM3200,625,798
*data,2-DR,QUEBEC,WAM,WTM3000,WTM3210,625,798
*data,2-DR,QUEBEC,WAM,WTM3000,WTM3310,625,798
*data,2-DR,QUEBEC,WAM,WTM3200,WTM3210,626,798
*data,2-DR,QUEBEC,WAM,WTM3200,WTM3310,626,798
*data,2-DR,QUEBEC,WAM,WTM3210,WTM3310,628,798
*data,2-DR,QUEBEC,WTM2010,0,0,698,798
*data,2-DR,QUEBEC,WTM2010,WTM2100,0,698,798
*data,2-DR,QUEBEC,WTM2010,WTM2110,0,698,798
*data,2-DR,QUEBEC,WTM2010,WTM3000,0,698,798
*data,2-DR,QUEBEC,WTM2010,WTM3200,0,698,798
*data,2-DR,QUEBEC,WTM2010,WTM3210,0,698,798
*data,2-DR,QUEBEC,WTM2010,WTM3310,0,698,798
*data,2-DR,QUEBEC,WTM2010,WTM2100,WTM2110,698,798
*data,2-DR,QUEBEC,WTM2010,WTM2100,WTM3000,698,798
*data,2-DR,QUEBEC,WTM2010,WTM2100,WTM3200,698,798
*data,2-DR,QUEBEC,WTM2010,WTM2100,WTM3210,698,798
*data,2-DR,QUEBEC,WTM2010,WTM2100,WTM3310,698,798
*data,2-DR,QUEBEC,WTM2010,WTM2110,WTM3000,698,798
*data,2-DR,QUEBEC,WTM2010,WTM2110,WTM3200,698,798
*data,2-DR,QUEBEC,WTM2010,WTM2110,WTM3210,698,798
*data,2-DR,QUEBEC,WTM2010,WTM2110,WTM3310,698,798
*data,2-DR,QUEBEC,WTM2010,WTM3000,WTM3200,698,798
*data,2-DR,QUEBEC,WTM2010,WTM3000,WTM3210,698,798
*data,2-DR,QUEBEC,WTM2010,WTM3000,WTM3310,698,798
*data,2-DR,QUEBEC,WTM2010,WTM3200,WTM3210,698,798
*data,2-DR,QUEBEC,WTM2010,WTM3200,WTM3310,698,798
*data,2-DR,QUEBEC,WTM2010,WTM3210,WTM3310,698,798
*data,2-DR,QUEBEC,WTM2100,0,0,698,798
*data,2-DR,QUEBEC,WTM2100,WTM2110,0,698,798
*data,2-DR,QUEBEC,WTM2100,WTM3000,0,698,798
*data,2-DR,QUEBEC,WTM2100,WTM3200,0,698,798
*data,2-DR,QUEBEC,WTM2100,WTM3210,0,698,798
*data,2-DR,QUEBEC,WTM2100,WTM3310,0,698,798
*data,2-DR,QUEBEC,WTM2100,WTM2110,WTM3000,698,798
*data,2-DR,QUEBEC,WTM2100,WTM2110,WTM3200,698,798
*data,2-DR,QUEBEC,WTM2100,WTM2110,WTM3210,698,798
*data,2-DR,QUEBEC,WTM2100,WTM2110,WTM3310,698,798
*data,2-DR,QUEBEC,WTM2100,WTM3000,WTM3200,698,798
*data,2-DR,QUEBEC,WTM2100,WTM3000,WTM3210,698,798
*data,2-DR,QUEBEC,WTM2100,WTM3000,WTM3310,698,798
*data,2-DR,QUEBEC,WTM2100,WTM3200,WTM3210,698,798
*data,2-DR,QUEBEC,WTM2100,WTM3200,WTM3310,698,798
*data,2-DR,QUEBEC,WTM2100,WTM3210,WTM3310,698,798
*data,2-DR,QUEBEC,WTM2110,0,0,698,798
*data,2-DR,QUEBEC,WTM2110,WTM3000,0,698,798
*data,2-DR,QUEBEC,WTM2110,WTM3200,0,698,798
*data,2-DR,QUEBEC,WTM2110,WTM3210,0,698,798
*data,2-DR,QUEBEC,WTM2110,WTM3310,0,698,798
*data,2-DR,QUEBEC,WTM2110,WTM3000,WTM3200,698,798
*data,2-DR,QUEBEC,WTM2110,WTM3000,WTM3210,698,798
*data,2-DR,QUEBEC,WTM2110,WTM3000,WTM3310,698,798
*data,2-DR,QUEBEC,WTM2110,WTM3200,WTM3210,698,798
*data,2-DR,QUEBEC,WTM2110,WTM3200,WTM3310,698,798
*data,2-DR,QUEBEC,WTM2110,WTM3210,WTM3310,698,798
*data,2-DR,QUEBEC,WTM3000,0,0,793,798
*data,2-DR,QUEBEC,WTM3000,WTM3200,0,793,798
*data,2-DR,QUEBEC,WTM3000,WTM3210,0,793,798
*data,2-DR,QUEBEC,WTM3000,WTM3310,0,793,798
*data,2-DR,QUEBEC,WTM3000,WTM3200,WTM3210,793,798
*data,2-DR,QUEBEC,WTM3000,WTM3200,WTM3310,793,798
*data,2-DR,QUEBEC,WTM3000,WTM3210,WTM3310,793,798
*data,2-DR,QUEBEC,WTM3200,0,0,795,798
*data,2-DR,QUEBEC,WTM3200,WTM3210,0,795,798
*data,2-DR,QUEBEC,WTM3200,WTM3310,0,795,798
*data,2-DR,QUEBEC,WTM3200,WTM3210,WTM3310,795,798
*data,2-DR,QUEBEC,WTM3210,0,0,798,798
*data,2-DR,QUEBEC,WTM3210,WTM3310,0,798,798
*data,2-DR,QUEBEC,WTM3310,0,0,798,798
